,Type,N,homo_smiles,homo_sol_smiles
0,C-Nucleophiles,4.63,c1cc[nH]c1,ClCCl
1,H-Nucleophiles,5.36,C[SiH](C)C[Ge](C)(C)C,ClCCl
2,H-Nucleophiles,6.53,C[SiH](C)C[Sn](C)(C)C,ClCCl
3,H-Nucleophiles,4.91,C[SiH](C[Si](C)(C)C)C[Si](C)(C)C,ClCCl
4,H-Nucleophiles,3.59,C[Si](C)(C)C[SiH](C[Si](C)(C)C)C[Si](C)(C)C,ClCCl
5,H-Nucleophiles,3.73,CCCC[Si](C)(C)C[SiH](C[Si](C)(C)CCCC)C[Si](C)(C)CCCC,ClCCl
6,H-Nucleophiles,3.4,C[Si](C)(C[SiH](C[Si](C)(C)c1ccccc1)C[Si](C)(C)c1ccccc1)c1ccccc1,ClCCl
7,H-Nucleophiles,0.55,C1=CC=CCC=C1,CC#N
8,H-Nucleophiles,0.35,C1=CCC=CC1,CC#N
9,H-Nucleophiles,-2.86,C1COCO1,ClCCl
10,H-Nucleophiles,-1.06,CCCC1OCCO1,ClCCl
11,O-Nucleophiles,5.2,O,O
12,H-Nucleophiles,-0.9,c1ccc(C2OCCO2)cc1,ClCCl
13,H-Nucleophiles,9.8,NC(=O)C1=CN(Cc2ccccc2)C=CC1,CC#N
14,H-Nucleophiles,5.54,CN1c2ccccc2Cc2ccccc21,ClCCl
15,H-Nucleophiles,-0.3,CCCC[Sn](CCCC)(CCCC)CCCC,ClCCl
16,H-Nucleophiles,1.35,CC(C)C[Sn](CC(C)C)(CC(C)C)CC(C)C,ClCCl
17,H-Nucleophiles,-2.4,C[Si]1(C)CCCCC1,ClCCl
18,H-Nucleophiles,-3.86,C[Si]1(C)CCCC1,ClCCl
19,H-Nucleophiles,-5.18,COc1ccc(C(c2ccc(OC)cc2)c2ccc(OC)cc2)cc1,CC#N
20,H-Nucleophiles,9.38,CN1c2ccccc2N(C)C1c1cccc(Cl)c1,CC#N
21,H-Nucleophiles,8.74,CN1c2ccccc2N(C)C1c1ccc(C(F)(F)F)cc1,CC#N
22,H-Nucleophiles,8.36,CN1c2ccccc2N(C)C1c1ccc([N+](=O)[O-])cc1,CC#N
23,O-Nucleophiles,10.47,[OH-],O
24,N-Nucleophiles,11.05,NNC(N)=O,O
25,H-Nucleophiles,0.87,C[SiH](CC(C)(C)C)c1ccccc1,ClCCl
26,H-Nucleophiles,1.3,C[SiH](C)Cc1cccc(Cl)c1,ClCCl
27,H-Nucleophiles,2.3,C[SiH]1CCC1,ClCCl
28,H-Nucleophiles,2.2,C[SiH]1CCCC1,ClCCl
29,H-Nucleophiles,-1.8,CCO[SiH](OCC)OCC,ClCCl
30,H-Nucleophiles,2.4,CCCO[SiH](C)C,ClCCl
31,H-Nucleophiles,4,CC[GeH](CC)CC,ClCCl
32,H-Nucleophiles,10.8,[BH4-],O
33,H-Nucleophiles,12.1,[BH3-]C#N,O
34,H-Nucleophiles,-6.5,CC[Si](CC)(CC)CC,CC#N
35,H-Nucleophiles,-5.4,CCCC[Si](C)(C)C,ClCCl
36,H-Nucleophiles,-3.5,C[Si](C)(C)CCc1ccccc1,ClCCl
37,H-Nucleophiles,-6.4,CC[Si](C)(CC)CC(c1ccccc1)c1ccccc1,ClCCl
38,H-Nucleophiles,-4.7,C[Si](C)(C)CCCCCC[Si](C)(C)C,ClCCl
39,N-Nucleophiles,12.15,NCC(F)(F)F,CS(C)=O
40,H-Nucleophiles,-2.1,C[Si]1(C)CCC1,ClCCl
41,H-Nucleophiles,-3.1,C[Si]1(C)CCCCCC1,ClCCl
42,H-Nucleophiles,-2.4,CC[Sn](CC)(CC)CC,CC#N
43,O-Nucleophiles,12.66,[O-]CC(F)(F)F,O
44,H-Nucleophiles,-4.7,CC[Ge](CC)(CC)CC,CC#N
45,H-Nucleophiles,0.1,CC[Pb](CC)(CC)CC,CC#N
46,H-Nucleophiles,-0.7,CC[Hg]CC,CC#N
47,H-Nucleophiles,-3.4,C[Si](C)(C)CCC[Sn](C)(C)C,CC#N
48,H-Nucleophiles,-1.7,C[Sn](C)(C)CCC[Sn](C)(C)C,CC#N
49,H-Nucleophiles,-4.8,C[Si](C)(C)CCC[Ge](C)(C)C,CC#N
50,H-Nucleophiles,-2.4,C[Ge](C)(C)CCC[Sn](C)(C)C,CC#N
51,H-Nucleophiles,-3.4,C[Ge](C)(C)CCC[Ge](C)(C)C,CC#N
52,H-Nucleophiles,-1.2,C[Si](C)(C)CCC[Pb](C)(C)C,CC#N
53,H-Nucleophiles,-1,C[Ge](C)(C)CCC[Pb](C)(C)C,CC#N
54,N-Nucleophiles,14.3,CCOC(=O)CN,CS(C)=O
55,O-Nucleophiles,15.4,[O-]O,O
56,H-Nucleophiles,-5.1,CCOCC,ClCCl
57,H-Nucleophiles,-3.5,C1CCOC1,ClCCl
58,H-Nucleophiles,-4.9,COCOC,ClCCl
59,H-Nucleophiles,-3.3,CC1OCCO1,ClCCl
60,H-Nucleophiles,-2.4,C[C@H]1OCO[C@@H]1C,ClCCl
61,H-Nucleophiles,-3,CC1O[C@@H](C)[C@H](C)O1,ClCCl
62,H-Nucleophiles,-2.9,CCC1O[C@H](C)[C@@H](C)O1,ClCCl
63,N-Nucleophiles,15.7,CCCN,CS(C)=O
64,H-Nucleophiles,-2.6,C=CC1O[C@@H](C)[C@H](C)O1,ClCCl
65,H-Nucleophiles,-4.1,CC(C)C1O[C@@H](C)[C@H](C)O1,ClCCl
66,H-Nucleophiles,-2.5,CC1O[C@@H](C)[C@@H](C)O1,ClCCl
67,H-Nucleophiles,-2.4,CCC1O[C@@H](C)[C@@H](C)O1,ClCCl
68,H-Nucleophiles,-3.5,CC(C)C1O[C@@H](C)[C@@H](C)O1,ClCCl
69,H-Nucleophiles,-3.8,C1CCOCOC1,ClCCl
70,H-Nucleophiles,-7,COc1ccc(C(c2ccc(OC)cc2)c2ccc(OC)cc2)cc1,CC#N
71,H-Nucleophiles,-4.2,CN(C)c1ccc(C(c2ccccc2)c2ccc(N(C)C)cc2)cc1,CC#N
72,O-Nucleophiles,16.83,O=S([O-])[O-],O
73,H-Nucleophiles,4,CN1c2ccccc2Cc2ccccc21,CC#N
74,H-Nucleophiles,-2.5,C1=CCc2ccccc2C1,CC#N
75,H-Nucleophiles,-3.3,C1=Cc2ccccc2CC1,CC#N
76,N-Nucleophiles,12.92,CC1=NCCN1,ClCCl
77,N-Nucleophiles,12.31,c1ccc(C2=NCCN2)cc1,ClCCl
78,N-Nucleophiles,10.03,CC(=O)N1CCN=C1C,ClCCl
79,N-Nucleophiles,13.11,c1ccc(CN2CCN=C2c2ccccc2)cc1,ClCCl
80,N-Nucleophiles,10.2,CC1=NCCS1,ClCCl
81,N-Nucleophiles,9.81,CC1=NCCO1,ClCCl
82,N-Nucleophiles,13.12,CC1=NCCC1,ClCCl
83,N-Nucleophiles,16.96,C1COCCN1,CS(C)=O
84,N-Nucleophiles,15.21,CC1=NCCCN1,ClCCl
85,N-Nucleophiles,14.62,c1ccc(C2=NCCCN2)cc1,ClCCl
86,C-Nucleophiles,27.54,CCOC(=O)[CH-]c1ccccc1,CS(C)=O
87,C-Nucleophiles,27.57,CCOC(=O)[CH-]c1cccc(Cl)c1,CS(C)=O
88,C-Nucleophiles,27.62,CCOC(=O)[CH-]c1ccc(Br)cc1,CS(C)=O
89,C-Nucleophiles,23.64,CCOC(=O)[CH-]c1ccc(C#N)cc1,CS(C)=O
90,C-Nucleophiles,20,CCOC(=O)[CH-]c1ccc([N+](=O)[O-])cc1,CS(C)=O
91,C-Nucleophiles,23.27,CCOC(=O)[CH-]c1ccncc1,CS(C)=O
92,N-Nucleophiles,17.19,C1CCNCC1,CS(C)=O
93,C-Nucleophiles,9.55,Cn1c([B-](F)(F)F)cc2ccccc21,CC#N
94,C-Nucleophiles,8.77,Cn1ccc2cc([B-](F)(F)F)ccc21,CC#N
95,C-Nucleophiles,6.46,CC(C)(C)OC(=O)n1c([B-](F)(F)F)cc2ccccc21,CC#N
96,C-Nucleophiles,7.1,COc1ccc2c(c1)cc([B-](F)(F)F)n2C(=O)OC(C)(C)C,CC#N
97,C-Nucleophiles,4.06,CC(C)(C)OC(=O)n1cc([B-](F)(F)F)c2ccccc21,CC#N
98,C-Nucleophiles,1.68,CC(C)(C)OC(=O)n1ccc2ccccc21,CC#N
99,C-Nucleophiles,5.99,F[B-](F)(F)c1ccco1,CC#N
100,C-Nucleophiles,6.83,F[B-](F)(F)c1ccoc1,CC#N
101,C-Nucleophiles,7.32,COc1ccsc1[B-](F)(F)F,CC#N
102,C-Nucleophiles,3.06,COc1ccsc1,CC#N
103,S-Nucleophiles,22.62,O=C([O-])C[S-],O
104,N-Nucleophiles,8.6,C/N=C/c1ccccc1,ClCCl
105,N-Nucleophiles,7.9,C(=N/Cc1ccccc1)\c1ccccc1,ClCCl
106,N-Nucleophiles,9.53,CC(C)=Nc1ccccc1,ClCCl
107,N-Nucleophiles,11.13,CC(C)=NCc1ccccc1,ClCCl
108,N-Nucleophiles,8.8,c1ccc(N=C2CCCCC2)cc1,ClCCl
109,C-Nucleophiles,13.91,CC1(C)OC(=O)[CH-]C(=O)O1,CS(C)=O
110,C-Nucleophiles,14.4,C/C(=C(/[O-])c1n(-c2c(C)cc(C)cc2C)cc[n+]1-c1c(C)cc(C)cc1C)c1ccccc1,CS(C)=O
111,C-Nucleophiles,16.27,CC1(C)CC(=O)[CH-]C(=O)C1,CS(C)=O
112,N-Nucleophiles,19.31,C=NN(C)C,ClCCl
113,C-Nucleophiles,7.84,C=NN1CCCC1,ClCCl
114,C-Nucleophiles,26.71,CCOC(=O)[CH-][n+]1ccccc1,CS(C)=O
115,C-Nucleophiles,27.45,CCN(CC)C(=O)[CH-][n+]1ccccc1,CS(C)=O
116,C-Nucleophiles,25.94,N#C[CH-][n+]1ccccc1,CS(C)=O
117,C-Nucleophiles,20.24,CC(=O)[CH-][n+]1ccccc1,CS(C)=O
118,C-Nucleophiles,19.46,O=C([CH-][n+]1ccccc1)c1ccccc1,CS(C)=O
119,C-Nucleophiles,21.61,CN(C)c1cc[n+]([CH-]C(=O)c2ccccc2)cc1,CS(C)=O
120,C-Nucleophiles,17.98,O=C([CH-][n+]1cccc(Cl)c1)c1ccccc1,CS(C)=O
121,C-Nucleophiles,17.64,CC(=O)[CH-]C(C)=O,CS(C)=O
122,C-Nucleophiles,19.38,O=C([CH-][n+]1cccc2ccccc21)c1ccccc1,CS(C)=O
123,C-Nucleophiles,20.08,O=C([CH-][n+]1ccc2ccccc2c1)c1ccccc1,CS(C)=O
124,C-Nucleophiles,-1.46,C=C(C)[Si](C)(C)C,ClCCl
125,C-Nucleophiles,-0.26,C=C(C)[Si](C)(C)[Si](C)(C)C,ClCCl
126,C-Nucleophiles,-0.31,C=C(C)[Si]([Si](C)(C)C)([Si](C)(C)C)[Si](C)(C)C,ClCCl
127,C-Nucleophiles,-1.13,C=C(c1ccccc1)[Si](C)(C)C,ClCCl
128,C-Nucleophiles,0.61,C=C(c1ccccc1)[Si](C)(C)[Si](C)(C)C,ClCCl
129,C-Nucleophiles,-0.43,C[Si](C)(C)/C=C/c1ccccc1,ClCCl
130,C-Nucleophiles,5.38,C=C(C[Si](C)(C)C)c1ccccc1,ClCCl
131,C-Nucleophiles,-0.65,C=C(c1ccc(C)cc1)[Si](C)(C)C,ClCCl
132,C-Nucleophiles,18.82,CCOC(=O)[CH-]C(C)=O,CS(C)=O
133,C-Nucleophiles,5.16,CCC#CN(Cc1ccccc1)S(=O)(=O)c1ccc(C)cc1,ClCCl
134,C-Nucleophiles,4.4,COc1ccccc1C#CN(Cc1ccccc1)S(=O)(=O)c1ccc(C)cc1,ClCCl
135,C-Nucleophiles,3.85,Cc1ccc(S(=O)(=O)N(C#Cc2ccccc2)Cc2ccccc2)cc1,ClCCl
136,C-Nucleophiles,3.12,O=C1CCCN1C#Cc1ccccc1,ClCCl
137,N-Nucleophiles,14.57,FC(c1ccccc1)(c1ccccc1)[C@@H]1CCCN1c1ccncc1,ClCCl
138,C-Nucleophiles,19.36,N#C[CH-]C#N,CS(C)=O
139,C-Nucleophiles,7.15,CN(C)c1ccc(C[C-]2C(=O)OC(C)(C)OC2=O)cc1,CC#N
140,C-Nucleophiles,19.62,CCOC(=O)[CH-]C#N,CS(C)=O
141,C-Nucleophiles,6.21,COc1ccc(C[C-]2C(=O)OC(C)(C)OC2=O)cc1,CC#N
142,C-Nucleophiles,5.51,CC1(C)OC(=O)[C-](Cc2ccccc2)C(=O)O1,CC#N
143,C-Nucleophiles,13.79,CC1(C)OC(=O)[C-](Cc2ccc(C#N)cc2)C(=O)O1,CS(C)=O
144,C-Nucleophiles,12.02,CC1(C)OC(=O)[C-](Cc2ccc([N+](=O)[O-])cc2)C(=O)O1,CS(C)=O
145,C-Nucleophiles,20.22,CCOC(=O)[CH-]C(=O)OCC,CS(C)=O
146,H-Nucleophiles,1.88,CC1=CCC(C)=CC1,ClCCl
147,H-Nucleophiles,4.95,CC1=CC(C)C=C(C)C1,ClCCl
148,H-Nucleophiles,4.27,CC1=C(C)CC(C)=C(C)C1,ClCCl
149,H-Nucleophiles,-2.11,COc1ccc(Cc2ccc(OC)cc2)cc1,ClCCl
150,C-Nucleophiles,12.26,C(=C/N1CCCC1)\c1ccccc1,ClCCl
151,C-Nucleophiles,-0.47,C=C1CC1,ClCCl
152,C-Nucleophiles,10.19,C(=C/N1CCCC1C(c1ccccc1)(c1ccccc1)c1ccccc1)\c1ccccc1,ClCCl
153,C-Nucleophiles,11.77,C(=C/N1CCCC1[Si](c1ccccc1)(c1ccccc1)c1ccccc1)\c1ccccc1,ClCCl
154,C-Nucleophiles,23.15,O=C([CH-]c1ccccc1)c1ccccc1,CS(C)=O
155,C-Nucleophiles,19.28,CCN(CC)C(=O)[CH-]C(=O)c1ccccc1,CS(C)=O
156,C-Nucleophiles,17.52,CCOC(=O)[CH-]C(=O)c1ccccc1,CS(C)=O
157,C-Nucleophiles,16.55,N#C[CH-]C(=O)c1ccccc1,CS(C)=O
158,C-Nucleophiles,16.03,CC(=O)[CH-]C(=O)c1ccccc1,CS(C)=O
159,C-Nucleophiles,17.46,O=C([CH-]C(=O)c1ccccc1)c1ccccc1,CS(C)=O
160,C-Nucleophiles,17.19,O=C([CH-]S(=O)(=O)c1ccccc1)c1ccccc1,CS(C)=O
161,C-Nucleophiles,13.91,O=C([CH-][N+](=O)[O-])c1ccccc1,CS(C)=O
162,C-Nucleophiles,1.65,C=C1CCC1,ClCCl
163,C-Nucleophiles,24.99,CC(=O)[CH-]c1ccccc1,CS(C)=O
164,C-Nucleophiles,25.77,O=S(=O)([CH-]c1ccccc1)c1ccccc1,CS(C)=O
165,C-Nucleophiles,15.24,CCOC(=O)[CH-][N+](=O)[O-],CS(C)=O
166,C-Nucleophiles,5.53,Cc1ccc([B-]2(c3cc(C(F)(F)F)cc(C(F)(F)F)c3)OC(C)(C)C(C)(C)O2)s1,CC#N
167,C-Nucleophiles,6.24,Cc1ccc([B-]2(c3ccc(C(F)(F)F)cc3)OC(C)(C)C(C)(C)O2)s1,CC#N
168,C-Nucleophiles,6.77,Cc1ccc([B-]2(c3ccc(Cl)cc3)OC(C)(C)C(C)(C)O2)s1,CC#N
169,C-Nucleophiles,7.24,Cc1ccc([B-]2(c3ccccc3)OC(C)(C)C(C)(C)O2)s1,CC#N
170,C-Nucleophiles,6.98,Cc1ccc([B-]2(c3ccc(C)s3)OC(C)(C)C(C)(C)O2)cc1,CC#N
171,C-Nucleophiles,7.51,COc1ccc([B-]2(c3ccc(C)s3)OC(C)(C)C(C)(C)O2)cc1,CC#N
172,C-Nucleophiles,8.02,Cc1ccc([B-]2(c3ccc(N(C)C)cc3)OC(C)(C)C(C)(C)O2)s1,CC#N
173,C-Nucleophiles,1.16,C=C1CCCCC1,ClCCl
174,C-Nucleophiles,7.67,Cc1ccc([B-]2(c3ccc(C)s3)OC(C)(C)C(C)(C)O2)s1,CC#N
175,C-Nucleophiles,8.13,Cc1ccc([B-]2(c3ccc(C(F)(F)F)cc3)OC(C)(C)C(C)(C)O2)o1,CC#N
176,C-Nucleophiles,11.23,Cc1ccc([B-]2(c3cc(C(F)(F)F)cc(C(F)(F)F)c3)OCCO2)s1,CC#N
177,C-Nucleophiles,10.13,Cc1ccc([B-]2(c3cc(C(F)(F)F)cc(C(F)(F)F)c3)OCC(C)(C)CO2)s1,CC#N
178,C-Nucleophiles,11.85,Cc1ccc([B-]2(c3ccc(C(F)(F)F)cc3)OCC(C)(C)CO2)s1,CC#N
179,C-Nucleophiles,6.5,Cc1ccc([B-]2(c3ccc(C(F)(F)F)cc3)Oc3ccccc3O2)s1,CC#N
180,C-Nucleophiles,2.24,C=C1CCCCCC1,ClCCl
181,C-Nucleophiles,6.68,C[Sn](C)(C)C1C=Cc2ccccc21,ClCCl
182,C-Nucleophiles,-0.1,C[Si](C)(C)C1C=Cc2ccccc21,ClCCl
183,C-Nucleophiles,8.92,CC1(C)O[B-](Cc2ccccc2)(c2ccccc2)OC1(C)C,CC#N
184,N-Nucleophiles,13.4,NCCc1ccccc1,O
185,C-Nucleophiles,10.97,CC(c1ccccc1)[B-]1(c2ccccc2)OC(C)(C)C(C)(C)O1,CC#N
186,C-Nucleophiles,7.15,CC1(C)O[B-](Cc2ccccc2)(c2ccc(C(F)(F)F)cc2)OC1(C)C,CC#N
187,C-Nucleophiles,8.56,CC(c1ccccc1)[B-]1(c2ccc(C(F)(F)F)cc2)OC(C)(C)C(C)(C)O1,CC#N
188,C-Nucleophiles,7.46,CC(c1ccccc1)[B-]1(c2cc(C(F)(F)F)cc(C(F)(F)F)c2)OC(C)(C)C(C)(C)O1,CC#N
189,C-Nucleophiles,3.16,C=C1CCCCCCC1,ClCCl
190,C-Nucleophiles,6.3,CC1(C)O[B-](Cc2ccccc2)(c2cc(C(F)(F)F)cc(C(F)(F)F)c2)OC1(C)C,CC#N
191,C-Nucleophiles,6.63,CC(C)[B-]1(c2ccc(C(F)(F)F)cc2)OC(C)(C)C(C)(C)O1,CC#N
192,C-Nucleophiles,7.72,CC1(C)O[B-](c2ccc(C(F)(F)F)cc2)(C2CC2)OC1(C)C,CC#N
193,C-Nucleophiles,7.68,CC[B-]1(c2ccc(C(F)(F)F)cc2)OC(C)(C)C(C)(C)O1,CC#N
194,C-Nucleophiles,11.29,CC(c1ccccc1)[B-]1(c2ccc(C(F)(F)F)cc2)OCC(C)(C)CO1,CC#N
195,C-Nucleophiles,2.57,C=C1CCCCCCCC1,ClCCl
196,C-Nucleophiles,19.58,CCOC(=O)[C-](C)C(C)=O,CS(C)=O
197,C-Nucleophiles,18.63,CCOC(=O)[C-]1CCCC1=O,CS(C)=O
198,C-Nucleophiles,18.32,CCOC(=O)[C-]1CCCCC1=O,CS(C)=O
199,C-Nucleophiles,19.53,CCOC(=O)[C-]1CCCCCC1=O,CS(C)=O
200,C-Nucleophiles,2.82,C=C1CCCCCCCCC1,ClCCl
201,C-Nucleophiles,20.02,CCOC(=O)[C-]1CCCCCCC1=O,CS(C)=O
202,C-Nucleophiles,20.6,CCOC(=O)[C-]1CCCCCCCCCCC1=O,CS(C)=O
203,C-Nucleophiles,14.46,C[C-]1C(=O)CCOC1=O,CS(C)=O
204,C-Nucleophiles,17,CC(=O)[C-]1CCCOC1=O,CS(C)=O
205,H-Nucleophiles,10.04,Fc1c(F)c(F)c([BH-](c2c(F)c(F)c(F)c(F)c2F)c2c(F)c(F)c(F)c(F)c2F)c(F)c1F,CC#N
206,H-Nucleophiles,14.13,Fc1cc(F)c([BH-](c2c(F)cc(F)cc2F)c2c(F)cc(F)cc2F)c(F)c1,CC#N
207,H-Nucleophiles,13.97,Fc1cccc(F)c1[BH-](c1c(F)cccc1F)c1c(F)cccc1F,CC#N
208,C-Nucleophiles,18.74,CCOC(=O)[C-](C(=O)OCC)C(C)C,CS(C)=O
209,C-Nucleophiles,23,CCCC[C-](C(=O)OCC)C(=O)OCC,CS(C)=O
210,C-Nucleophiles,2.33,C=C1CCCCCCCCCC1,ClCCl
211,C-Nucleophiles,19.23,CCOC(=O)[C-](C(=O)OCC)C1CCCCC1,CS(C)=O
212,C-Nucleophiles,15.93,CCOC(=O)[C-](C(=O)OCC)c1ccccc1,CS(C)=O
213,C-Nucleophiles,14.94,CCOC(=O)[C-](C(=O)OCC)c1ccc([N+](=O)[O-])cc1,CS(C)=O
214,C-Nucleophiles,15.33,CCOC(=O)[C-](C(=O)OCC)C(=O)OCC,CS(C)=O
215,C-Nucleophiles,13.83,CCOC(=O)[C-](C(C)=O)C(=O)OCC,CS(C)=O
216,C-Nucleophiles,13.63,CCOC(=O)[C-](C(=O)OCC)C(=O)c1ccccc1,CS(C)=O
217,C-Nucleophiles,11.54,CC1(C)OC(=O)[C-](c2ccccc2)C(=O)O1,CS(C)=O
218,C-Nucleophiles,12.35,COc1ccc([C-]2C(=O)OC(C)(C)OC2=O)cc1,CS(C)=O
219,C-Nucleophiles,16.73,CCOC(=O)[C-](C(=O)OCC)c1ccc(OC)cc1,CS(C)=O
220,C-Nucleophiles,1.52,C=C1CCCCCCCCCCC1,ClCCl
221,N-Nucleophiles,10.4,CN1CCC[C@H]1c1cccnc1,ClCCl
222,N-Nucleophiles,10.9,Cc1cccnc1,ClCCl
223,N-Nucleophiles,16.8,CN1CCCC1c1ccccc1,ClCCl
224,N-Nucleophiles,14.59,c1cc(N2CCOCC2)ccn1,ClCCl
225,C-Nucleophiles,1.69,C=C1CCCCCCCCCCCCCC1,ClCCl
226,C-Nucleophiles,4.36,CC1(C)OC(=O)[C-]([I+]c2ccccc2)C(=O)O1,ClCCl
227,C-Nucleophiles,4.76,C=C(C)N(O[Si](C)(C)C)O[Si](C)(C)C,ClCCl
228,C-Nucleophiles,6.18,CC1(C)CC(=O)[C-]([I+]c2ccccc2)C(=O)C1,ClCCl
229,C-Nucleophiles,7.98,Cn1c(=O)[c-]([I+]c2ccccc2)c(=O)n(C)c1=O,ClCCl
230,C-Nucleophiles,4.67,CC1CC(=O)[C-]([I+]c2ccccc2)C(=O)O1,ClCCl
231,C-Nucleophiles,15.68,O=S(=O)([CH-]S(=O)(=O)c1ccccc1)c1ccccc1,CS(C)=O
232,C-Nucleophiles,17.46,O=S(=O)(c1ccccc1)[C-](F)S(=O)(=O)c1ccccc1,CS(C)=O
233,C-Nucleophiles,17.29,CO[C-](S(=O)(=O)c1ccccc1)S(=O)(=O)c1ccccc1,CS(C)=O
234,C-Nucleophiles,16.06,O=S1(=O)[CH-]S(=O)(=O)c2ccccc21,CS(C)=O
235,C-Nucleophiles,19.03,O=S1(=O)c2ccccc2S(=O)(=O)[C-]1F,CS(C)=O
236,C-Nucleophiles,17.36,CO[C-]1S(=O)(=O)c2ccccc2S1(=O)=O,CS(C)=O
237,C-Nucleophiles,18.81,CCOC(=O)[CH-]S(=O)(=O)c1ccccc1,CS(C)=O
238,C-Nucleophiles,4.8,C=C(c1ccccc1)N(O[Si](C)(C)C)O[Si](C)(C)C,ClCCl
239,C-Nucleophiles,20.51,CCOC(=O)[C-](F)S(=O)(=O)c1ccccc1,CS(C)=O
240,C-Nucleophiles,19.15,CCOC(=O)[C-](OC)S(=O)(=O)c1ccccc1,CS(C)=O
241,C-Nucleophiles,20.63,CCOC(=O)[C-](F)C(=O)OCC,CS(C)=O
242,C-Nucleophiles,18.19,CCOC(=O)[C-](Cl)C(=O)OCC,CS(C)=O
243,C-Nucleophiles,20.08,COC(=O)[C-](OC)C(=O)OC,CS(C)=O
244,C-Nucleophiles,28.27,O=S(=O)([CH-]Cl)c1ccccc1,CS(C)=O
245,C-Nucleophiles,23.9,O=S(=O)([CH-]Br)c1ccccc1,CS(C)=O
246,C-Nucleophiles,25.59,N#Cc1ccc(S(=O)(=O)[CH-]Cl)cc1,CS(C)=O
247,C-Nucleophiles,24.88,O=[N+]([O-])c1ccc(S(=O)(=O)[CH-]Cl)cc1,CS(C)=O
248,C-Nucleophiles,26.9,O=S(=O)([CH-]Cl)c1ccc(Cl)cc1,CS(C)=O
249,C-Nucleophiles,4.23,C=C(C)N(O[Si](C)(C)C(C)(C)C)O[Si](C)(C)C(C)(C)C,ClCCl
250,C-Nucleophiles,15.85,CCOC(=O)[C-](C#N)c1ccccc1,CS(C)=O
251,C-Nucleophiles,15.58,N#C[C-](C#N)c1ccccc1,CS(C)=O
252,C-Nucleophiles,15.97,N#C[C-](c1ccccc1)S(=O)(=O)c1ccccc1,CS(C)=O
253,C-Nucleophiles,15.07,O=S(=O)(c1ccccc1)[C-](c1ccccc1)S(=O)(=O)c1ccccc1,CS(C)=O
254,C-Nucleophiles,14.99,O=C(c1ccccc1)[C-](C(=O)c1ccccc1)c1ccccc1,CS(C)=O
255,P-Nucleophiles,12.4,CC(C)(C)P(c1ccccc1)C(C)(C)C,ClCCl
256,C-Nucleophiles,3.84,C=C(CCC(=O)OC)N(O[Si](C)(C)C)O[Si](C)(C)C,ClCCl
257,P-Nucleophiles,15.19,COc1cccc(OC)c1P(c1c(OC)cccc1OC)c1c(OC)cccc1OC,ClCCl
258,P-Nucleophiles,14.26,COc1ccccc1P(c1ccccc1OC)c1ccccc1OC,ClCCl
259,P-Nucleophiles,8.56,Cc1ccccc1P(c1ccccc1C)c1ccccc1C,ClCCl
260,C-Nucleophiles,-3.65,C=C(C)Cl,ClCCl
261,O-Nucleophiles,14.29,CC(C)(C)O[O-],O
262,C-Nucleophiles,-2.41,C=CC,ClCCl
263,O-Nucleophiles,13.92,CC(C)(O[O-])c1ccccc1,O
264,O-Nucleophiles,16.02,O=C(CCCCCN1C(=O)c2ccccc2C1=O)O[O-],O
265,O-Nucleophiles,15.63,O=C(Cc1ccccc1)O[O-],O
266,O-Nucleophiles,17.93,O=C(O[O-])c1cc(Cl)cc(Cl)c1,O
267,O-Nucleophiles,18.43,O=C([O-])c1ccccc1C(=O)O[O-],O
268,O-Nucleophiles,18.19,O=C(O[O-])c1cccc(Cl)c1,O
269,O-Nucleophiles,17.99,O=C(O[O-])c1ccc(F)cc1,O
270,O-Nucleophiles,17.43,O=C(O[O-])c1ccc([N+](=O)[O-])cc1,O
271,O-Nucleophiles,17.84,COc1ccc(C(=O)O[O-])cc1,O
272,O-Nucleophiles,18.56,COc1ccc(C(=O)O[O-])cc1Cl,O
273,C-Nucleophiles,-2.77,C=CCCCC,ClCCl
274,O-Nucleophiles,18.57,O=C(O[O-])c1ccccc1,O
275,C-Nucleophiles,15.59,O=c1[cH-]c(=O)[nH]c(=O)[nH]1,CS(C)=O
276,C-Nucleophiles,17.46,Cn1c(=O)[cH-]c(=O)n(C)c1=O,CS(C)=O
277,C-Nucleophiles,14.24,O=c1[cH-]c(=O)[nH]c(=S)[nH]1,CS(C)=O
278,C-Nucleophiles,14.9,CCn1c(=O)[cH-]c(=O)n(CC)c1=S,CS(C)=O
279,C-Nucleophiles,-0.64,C=CCB1OC(C)(C)C(C)(C)O1,ClCCl
280,C-Nucleophiles,5.29,C=CC[B-](F)(F)F,CC#N
281,C-Nucleophiles,8.71,C=CC[B-]1(c2cc(C(F)(F)F)cc(C(F)(F)F)c2)OC(C)(C)C(C)(C)O1,CC#N
282,C-Nucleophiles,11.2,C=CC[B-]1(c2ccccc2)OC(C)(C)C(C)(C)O1,CC#N
283,C-Nucleophiles,9.49,C/C=C/C[B-]1(c2cc(C(F)(F)F)cc(C(F)(F)F)c2)OC(C)(C)C(C)(C)O1,CC#N
284,C-Nucleophiles,0.08,CC1=CCCCC1,ClCCl
285,C-Nucleophiles,11.99,COc1ccc(/C=C(\c2ccccc2)N2CCCC2)cc1,CC#N
286,C-Nucleophiles,11.66,C(=C(\c1ccccc1)N1CCCC1)\c1ccccc1,CC#N
287,C-Nucleophiles,10.63,N#Cc1ccc(/C=C(\c2ccccc2)N2CCCC2)cc1,CC#N
288,C-Nucleophiles,10.42,O=[N+]([O-])c1ccc(/C=C(\c2ccccc2)N2CCCC2)cc1,CC#N
289,C-Nucleophiles,9.94,C(=C(\c1ccccc1)N1CCCCC1)\c1ccccc1,CC#N
290,C-Nucleophiles,8.78,C(=C(\c1ccccc1)N1CCOCC1)\c1ccccc1,CC#N
291,C-Nucleophiles,13.84,C(=C/N1CCCCC1)\c1ccccc1,CC#N
292,C-Nucleophiles,11.66,C(=C/N1CCOCC1)\c1ccccc1,CC#N
293,C-Nucleophiles,11.6,C=C(c1ccccc1)N1CCCCC1,CC#N
294,C-Nucleophiles,0.65,CC=C(C)C,ClCCl
295,C-Nucleophiles,1.11,C=C(C)C,ClCCl
296,O-Nucleophiles,14.5,[O-]Cl,O
297,O-Nucleophiles,16.69,[O-]Br,O
298,O-Nucleophiles,12.75,[O-][Br+][O-],O
299,O-Nucleophiles,14.41,O=S(=O)([O-])O[O-],O
300,C-Nucleophiles,1.7,C=Cc1ccc(C)cc1,ClCCl
301,C-Nucleophiles,1.1,C=CC(=C)C,ClCCl
302,C-Nucleophiles,7.17,[N-]=[N+]=Cc1ccc([N+](=O)[O-])cc1,ClCCl
303,C-Nucleophiles,7.66,N#Cc1ccc(C=[N+]=[N-])cc1,ClCCl
304,C-Nucleophiles,8.87,[N-]=[N+]=Cc1ccc(Br)cc1,ClCCl
305,O-Nucleophiles,13.94,O=C(CC[NH+]1CCCCC1)O[O-],O
306,O-Nucleophiles,14.07,[NH3+]CCC(=O)O[O-],O
307,O-Nucleophiles,14.33,[NH3+]CCCC(=O)O[O-],O
308,C-Nucleophiles,6.43,C[Si](C)(C)OC1=CCCC1,CC#N
309,C-Nucleophiles,-0.57,C=CC[Si](C)(C)Cl,ClCCl
310,C-Nucleophiles,26.95,CCOC(=O)[CH-]N=C(c1ccccc1)c1ccccc1,CS(C)=O
311,C-Nucleophiles,27.77,CC(C)(C)OC(=O)[CH-]N=C(c1ccccc1)c1ccccc1,CS(C)=O
312,C-Nucleophiles,29.1,CCOC(=O)[CH-]/N=C/c1ccccc1,CS(C)=O
313,C-Nucleophiles,29.02,CCOC(=O)[CH-]/N=C/c1ccc(Cl)cc1,CS(C)=O
314,C-Nucleophiles,30.82,CCOC(=O)[C-](C)N=Cc1ccccc1,CS(C)=O
315,C-Nucleophiles,29.5,N#C[CH-]N=C(c1ccccc1)c1ccccc1,CS(C)=O
316,C-Nucleophiles,3,C[Si](C)(C)OC(=Cc1ccccc1)c1ccccc1,CC#N
317,C-Nucleophiles,5.18,C/C=C(\O[Si](C)(C)C)c1ccccc1,CC#N
318,C-Nucleophiles,7.32,C[Si](C)(C)OC1=CCc2ccccc21,CC#N
319,C-Nucleophiles,5.06,C[Si](C)(C)OC1=CCCc2ccccc21,CC#N
320,C-Nucleophiles,0.9,CC(C)=CC[Si](C)(C)C,ClCCl
321,C-Nucleophiles,15.27,C1=C(N2CCCC2)c2ccccc2C1,CC#N
322,C-Nucleophiles,14.09,C1=C(N2CCCC2)c2ccccc2CC1,CC#N
323,C-Nucleophiles,16.26,CCOC(=O)[CH-]C(=O)c1ccc([N+](=O)[O-])cc1,CS(C)=O
324,H-Nucleophiles,25.54,CC(C)(C)N1C=CN(C(C)(C)C)P1,CC#N
325,H-Nucleophiles,20.93,CC(C)(C)N1PN(C(C)(C)C)c2ccccc21,CC#N
326,H-Nucleophiles,19.85,CC(C)c1cccc(C(C)C)c1N1C=CN(c2c(C(C)C)cccc2C(C)C)P1,CC#N
327,H-Nucleophiles,13.46,CC(C)(C)N1CCCN(C(C)(C)C)P1,CC#N
328,H-Nucleophiles,18.74,CC(C)(C)N1CCN(C(C)(C)C)P1,CC#N
329,H-Nucleophiles,17.68,Cc1cc(C)c(N2C=CN(c3c(C)cc(C)cc3C)P2)c(C)c1,CC#N
330,C-Nucleophiles,9.09,O=CC=P(c1ccccc1)(c1ccccc1)c1ccccc1,CC#N
331,C-Nucleophiles,4.67,C=C(C)C[Ge](c1ccccc1)(c1ccccc1)c1ccccc1,ClCCl
332,C-Nucleophiles,10.27,CC(=O)C=P(c1ccccc1)(c1ccccc1)c1ccccc1,CC#N
333,O-Nucleophiles,14.32,O=[N+]([O-])c1ccc([O-])cc1,CS(C)=O
334,C-Nucleophiles,1.8,C=CC[Si](C)(C)C(C)(C)C,ClCCl
335,O-Nucleophiles,21.29,O=[N+]([O-])c1cccc([O-])c1,CS(C)=O
336,O-Nucleophiles,18.78,N#Cc1ccc([O-])cc1,CS(C)=O
337,O-Nucleophiles,18.47,[O-]c1ccccc1C(F)(F)F,CS(C)=O
338,C-Nucleophiles,1.93,C=CC[Si](CC)(CC)CC,ClCCl
339,O-Nucleophiles,18.98,[O-]c1ccc(C(F)(F)F)cc1,CS(C)=O
340,O-Nucleophiles,22.62,[O-]c1cccc(C(F)(F)F)c1,CS(C)=O
341,O-Nucleophiles,20.34,[O-]c1ccc(Cl)cc1,CS(C)=O
342,C-Nucleophiles,2.04,C=CC[Si](C(C)C)(C(C)C)C(C)C,ClCCl
343,O-Nucleophiles,19.86,[O-]c1ccccc1,CS(C)=O
344,O-Nucleophiles,19.08,Cc1ccc([O-])cc1,CS(C)=O
345,O-Nucleophiles,19.67,CC(C)(C)c1ccc([O-])cc1,CS(C)=O
346,O-Nucleophiles,20.09,COc1ccc([O-])cc1,CS(C)=O
347,C-Nucleophiles,2.09,C=CC[Si](CCCC)(CCCC)CCCC,ClCCl
348,O-Nucleophiles,18.81,COc1cccc([O-])c1,CC#N
349,O-Nucleophiles,21.02,CC(C)(C)c1cccc(C(C)(C)C)c1[O-],CS(C)=O
350,S-Nucleophiles,20.97,[NH3+][C@@H](CCC(=O)N[C@@H](C[S-])C(=O)NCC(=O)[O-])C(=O)[O-],O
351,N-Nucleophiles,19.95,O=C([O-])[C@@H]1CCCN1,CC#N
352,N-Nucleophiles,16.78,CC1CCCN1,CC#N
353,N-Nucleophiles,18.52,C1CCNC1,CC#N
354,N-Nucleophiles,16.44,CC(C)[C@H]1CCCN1,CC#N
355,N-Nucleophiles,13.96,CC1(C)CCCN1,CC#N
356,C-Nucleophiles,2.11,C=CC[Si](CCCCCC)(CCCCCC)CCCCCC,ClCCl
357,N-Nucleophiles,17.43,c1ccc(CC2CCCN2)cc1,CC#N
358,N-Nucleophiles,16.61,c1ccc(C(c2ccccc2)[C@@H]2CCCN2)cc1,CC#N
359,N-Nucleophiles,17.24,NC[C@@H]1CCCN1,CC#N
360,N-Nucleophiles,17.41,CN(C)C[C@@H]1CCCN1,CC#N
361,N-Nucleophiles,18.33,C1CN[C@H](CN2CCCC2)C1,CC#N
362,N-Nucleophiles,15.43,[N-]=[N+]=NC[C@@H]1CCCN1,CC#N
363,N-Nucleophiles,16.74,OC[C@@H]1CCCN1,CC#N
364,N-Nucleophiles,16.5,COC[C@@H]1CCCN1,CC#N
365,N-Nucleophiles,11.34,FC(F)(F)C1CCCN1,CC#N
366,N-Nucleophiles,14.75,COC(=O)[C@@H]1CCCN1,CC#N
367,C-Nucleophiles,1.69,C/C=C\C[Si](C)(C)C,ClCCl
368,N-Nucleophiles,17.61,CN(C)C(=O)[C@@H]1CCCN1,CC#N
369,N-Nucleophiles,15.2,CCCNC(=O)[C@@H]1CCCN1,CC#N
370,N-Nucleophiles,15.9,O=C1c2ccccc2C(=O)N1C[C@@H]1CCCN1,CC#N
371,N-Nucleophiles,15.32,c1ccc(-c2cn(C[C@@H]3CCCN3)nn2)cc1,CC#N
372,N-Nucleophiles,15.55,c1cn(C[C@@H]2CCCN2)cn1,CC#N
373,N-Nucleophiles,13.57,CCCC[n+]1ccn(C[C@@H]2CCCN2)c1,CC#N
374,N-Nucleophiles,14.97,FC(F)(F)c1cc(NC(=S)NC[C@@H]2CCCN2)cc(C(F)(F)F)c1,CC#N
375,N-Nucleophiles,17.5,O=C(NC[C@@H]1CCCN1)Nc1cc(C(F)(F)F)cc(C(F)(F)F)c1,CC#N
376,N-Nucleophiles,9.16,c1ccc(C(c2ccccc2)(c2ccccc2)C2CCCN2)cc1,CC#N
377,N-Nucleophiles,12.03,C[Si](C)(C)OC(c1ccccc1)(c1ccccc1)[C@@H]1CCCN1,CC#N
378,C-Nucleophiles,1.94,C/C=C/C[Si](C)(C)C,ClCCl
379,N-Nucleophiles,16.18,OC(c1ccccc1)(c1ccccc1)[C@@H]1CCCN1,CC#N
380,N-Nucleophiles,9.9,[N-]=[N+]=NC(c1ccccc1)(c1ccccc1)[C@@H]1CCCN1,CC#N
381,N-Nucleophiles,14,c1ccc([Si](c2ccccc2)(c2ccccc2)C2CCCN2)cc1,CC#N
382,N-Nucleophiles,6.04,CN1C(=O)[C@H](Cc2ccccc2)NC1(C)C,CC#N
383,N-Nucleophiles,5.44,CN1C(=O)[C@H](Cc2ccccc2)N[C@@H]1C(C)(C)C,CC#N
384,N-Nucleophiles,8.76,Cc1ccc([C@H]2N[C@@H](Cc3ccccc3)C(=O)N2C)o1,CC#N
385,N-Nucleophiles,7.39,Cc1ccc([C@@H]2N[C@@H](Cc3ccccc3)C(=O)N2C)o1,CC#N
386,C-Nucleophiles,3.15,CC[Si](CC)(CC)CC(C)=C(C)C,ClCCl
387,C-Nucleophiles,0.06,C=C(C)C(C)(C)C,ClCCl
388,C-Nucleophiles,0.65,C=C(C)C(C)C,ClCCl
389,C-Nucleophiles,16.15,O=S(=O)([CH-]c1ccc(C(F)(F)F)cc1)C(F)(F)F,CC#N
390,C-Nucleophiles,15.62,N#Cc1ccc([CH-]S(=O)(=O)C(F)(F)F)cc1,CC#N
391,C-Nucleophiles,20.1,N#C[CH-]c1ccc([N+](=O)[O-])cc1,CC#N
392,C-Nucleophiles,19.9,O=[N+]([O-])c1ccc([CH-]S(=O)(=O)c2ccccc2)cc1,CC#N
393,C-Nucleophiles,0.79,C=C(C)CC(C)(C)C,ClCCl
394,C-Nucleophiles,1,C=C(C)CC,ClCCl
395,C-Nucleophiles,0.54,C=C(C)CC(=C)C,ClCCl
396,C-Nucleophiles,1.14,C=C(C)CCC(=C)C,ClCCl
397,C-Nucleophiles,1.69,C=C(C)CCCC(=C)C,ClCCl
398,C-Nucleophiles,1.58,C=C(C)CCCCC(=C)C,ClCCl
399,C-Nucleophiles,1.33,c1ccoc1,ClCCl
400,C-Nucleophiles,2.16,C[Si](C)(C)c1ccco1,ClCCl
401,C-Nucleophiles,2.2,CC[Si](CC)(CC)c1ccco1,ClCCl
402,C-Nucleophiles,2.37,CCCC[Si](CCCC)(CCCC)c1ccco1,ClCCl
403,C-Nucleophiles,-1.01,c1ccsc1,ClCCl
404,C-Nucleophiles,-0.8,C[Si](C)(C)c1cccs1,ClCCl
405,C-Nucleophiles,3.63,CCCC[Sn](CCCC)(CCCC)c1ccco1,ClCCl
406,C-Nucleophiles,1.53,CCCC[Sn](CCCC)(CCCC)c1cccs1,ClCCl
407,C-Nucleophiles,-0.87,C=CC=C,ClCCl
408,C-Nucleophiles,0.66,C=C/C=C\C,ClCCl
409,C-Nucleophiles,1.17,C/C=C/C=C/C,ClCCl
410,C-Nucleophiles,1.17,C=C(C)C(=C)C,ClCCl
411,C-Nucleophiles,1.49,C=C/C=C/C,ClCCl
412,C-Nucleophiles,2.6,C=CC=C(C)C,ClCCl
413,C-Nucleophiles,3.09,C=C(C)/C=C/C,ClCCl
414,C-Nucleophiles,10.48,C=[N+]=[N-],ClCCl
415,C-Nucleophiles,9.35,[N-]=[N+]=Cc1ccccc1,ClCCl
416,C-Nucleophiles,8.97,C[Si](C)(C)C=[N+]=[N-],ClCCl
417,C-Nucleophiles,5.29,[N-]=[N+]=C(c1ccccc1)c1ccccc1,ClCCl
418,C-Nucleophiles,4.91,CCOC(=O)C=[N+]=[N-],ClCCl
419,C-Nucleophiles,3.96,CC(=O)C=[N+]=[N-],ClCCl
420,C-Nucleophiles,-0.35,CCOC(=O)C(=[N+]=[N-])C(=O)OCC,ClCCl
421,P-Nucleophiles,12.58,Clc1ccc(P(c2ccc(Cl)cc2)c2ccc(Cl)cc2)cc1,ClCCl
422,P-Nucleophiles,15.44,Cc1ccc(P(c2ccc(C)cc2)c2ccc(C)cc2)cc1,ClCCl
423,P-Nucleophiles,16.17,COc1ccc(P(c2ccc(OC)cc2)c2ccc(OC)cc2)cc1,ClCCl
424,P-Nucleophiles,13.37,CC(C)P(C(C)C)C(C)C,ClCCl
425,P-Nucleophiles,14.64,C1CCC(P(C2CCCCC2)C2CCCCC2)CC1,ClCCl
426,P-Nucleophiles,15.49,CCCCP(CCCC)CCCC,ClCCl
427,P-Nucleophiles,5.51,c1ccc(OP(Oc2ccccc2)Oc2ccccc2)cc1,ClCCl
428,P-Nucleophiles,10.36,CCCCOP(OCCCC)OCCCC,ClCCl
429,C-Nucleophiles,21.54,C[CH-][N+](=O)[O-],CS(C)=O
430,C-Nucleophiles,0.67,C1=CCCC=C1,ClCCl
431,C-Nucleophiles,0.06,C1=CCCCC=C1,ClCCl
432,C-Nucleophiles,-0.5,C1=C\CCCC\C=C/1,ClCCl
433,C-Nucleophiles,2.3,C1=CCC=C1,ClCCl
434,C-Nucleophiles,3.78,C=C(O[Si](C)(C)C)C(C)(C)C,ClCCl
435,C-Nucleophiles,9,COC(O[Si](C)(C)C)=C(C)C,ClCCl
436,C-Nucleophiles,3.94,CC(C)=CO[Si](C)(C)C,ClCCl
437,C-Nucleophiles,3.87,C/C=C\O[Si](C(C)C)(C(C)C)C(C)C,ClCCl
438,C-Nucleophiles,4.46,C[Si](C)(C)OC1=C(O[Si](C)(C)C)CCCC1,ClCCl
439,C-Nucleophiles,4.83,C=CC(=C)O[Si](C)(C)C,ClCCl
440,C-Nucleophiles,4.6,C=C/C=C/O[Si](C)(C)C,ClCCl
441,C-Nucleophiles,6.62,C[Si](C)(C)OC1=CCCCCC1,ClCCl
442,C-Nucleophiles,6.77,C[Si](C)(C)O/C1=C/CCCCCC1,ClCCl
443,C-Nucleophiles,5.58,C/C=C(/CC)O[Si](C)(C)C,ClCCl
444,C-Nucleophiles,7.22,C[Si](C)(C)Oc1ccco1,ClCCl
445,C-Nucleophiles,1.77,C[Si](C)(C)C1C=CCC1,ClCCl
446,C-Nucleophiles,1.98,CCCCCC[Si](CCCCCC)(CCCCCC)C1C=CCC1,ClCCl
447,C-Nucleophiles,-0.57,C=C(C)C[Si](Cl)(Cl)Cl,ClCCl
448,C-Nucleophiles,1.2,C=CC[Ge](c1ccccc1)(c1ccccc1)c1ccccc1,ClCCl
449,C-Nucleophiles,4.74,CCCC[Sn](CC=C(C)C)(CCCC)CCCC,ClCCl
450,C-Nucleophiles,5.13,C=C(C)C[Sn](c1ccccc1)(c1ccccc1)c1ccccc1,ClCCl
451,C-Nucleophiles,-1,CC(C)=C(C)C,ClCCl
452,C-Nucleophiles,0.25,C=C(C)Cc1ccccc1,ClCCl
453,C-Nucleophiles,2.35,C=C(C)c1ccccc1,ClCCl
454,C-Nucleophiles,2.6,C=C(C)C1CC1,ClCCl
455,C-Nucleophiles,-1.07,C/C=C\c1ccccc1,ClCCl
456,C-Nucleophiles,-1.55,C1=CCCC1,ClCCl
457,C-Nucleophiles,-0.25,C1=CC2CCC1C2,ClCCl
458,C-Nucleophiles,0.68,CC1=CCC2CC1C2(C)C,ClCCl
459,C-Nucleophiles,1.18,CC1=CCCC1,ClCCl
460,C-Nucleophiles,-2.45,C/C=C/C,ClCCl
461,C-Nucleophiles,-4.36,Cc1ccccc1,ClCCl
462,C-Nucleophiles,3.92,C=COCC,ClCCl
463,C-Nucleophiles,4.23,CCOC=C(C)C,ClCCl
464,C-Nucleophiles,-3.57,Cc1cccc(C)c1,ClCCl
465,C-Nucleophiles,15.57,CCOC(=O)[CH-]C#N,O
466,C-Nucleophiles,-0.49,CC=Cc1ccccc1,ClCCl
467,C-Nucleophiles,16.15,CCOC(=O)[CH-]C(=O)OCC,O
468,C-Nucleophiles,21.13,CCOC(=O)[C-](C)C(=O)OCC,CS(C)=O
469,C-Nucleophiles,18.38,CC(=O)[C-](C)C(C)=O,CS(C)=O
470,C-Nucleophiles,1.35,Cc1cccs1,ClCCl
471,C-Nucleophiles,0.78,C=Cc1ccccc1,ClCCl
472,C-Nucleophiles,2.48,COc1cccc(OC)c1,ClCCl
473,C-Nucleophiles,1.68,C=CC[Si](C)(C)C,ClCCl
474,C-Nucleophiles,9.81,C=C(OCC)OCC,ClCCl
475,C-Nucleophiles,10.21,C=C(OCCCC)O[Si](C)(C)C,ClCCl
476,C-Nucleophiles,10.32,C=C(OCCCC)O[Si](C)(C)C(C)(C)C,ClCCl
477,C-Nucleophiles,10.38,CC=C(O[Si](C)(C)C)O[Si](C)(C)C,ClCCl
478,C-Nucleophiles,3.09,C=CC[Sn](c1ccccc1)(c1ccccc1)c1ccccc1,ClCCl
479,C-Nucleophiles,11.5,CC1=C(O[Si](C)(C)C)OCC1,ClCCl
480,C-Nucleophiles,11.25,C[CH-][N+](=O)[O-],O
481,C-Nucleophiles,20.71,[CH2-][N+](=O)[O-],CS(C)=O
482,C-Nucleophiles,20.61,C[C-](C)[N+](=O)[O-],CS(C)=O
483,C-Nucleophiles,18.29,O=[N+]([O-])[CH-]c1ccccc1,CS(C)=O
484,C-Nucleophiles,18.31,Cc1ccc([CH-][N+](=O)[O-])cc1,CS(C)=O
485,C-Nucleophiles,4.41,C=C(C)C[Si](C)(C)C,ClCCl
486,C-Nucleophiles,16.29,O=[N+]([O-])[CH-]c1ccc([N+](=O)[O-])cc1,CS(C)=O
487,C-Nucleophiles,18.06,O=[N+]([O-])[CH-]c1cccc([N+](=O)[O-])c1,CS(C)=O
488,C-Nucleophiles,16.96,N#Cc1ccc([CH-][N+](=O)[O-])cc1,CS(C)=O
489,C-Nucleophiles,16.27,[C-]#N,CC#N
490,C-Nucleophiles,0.68,C=Cc1c(C)cc(C)cc1C,ClCCl
491,C-Nucleophiles,5.46,C=CC[Sn](CCCC)(CCCC)CCCC,ClCCl
492,S-Nucleophiles,17.94,N#C[S-],CC#N
493,X-Nucleophiles,10.1,[Cl-],O
494,C-Nucleophiles,7.48,C=C(C)C[Sn](CCCC)(CCCC)CCCC,ClCCl
495,X-Nucleophiles,11.7,[Br-],O
496,C-Nucleophiles,8.57,C=C(/C=C/OC)O[Si](C)(C)C,ClCCl
497,C-Nucleophiles,8.16,Fc1c(F)c(F)c([Si](OC2=CCCO2)(c2c(F)c(F)c(F)c(F)c2F)c2c(F)c(F)c(F)c(F)c2F)c(F)c1F,ClCCl
498,C-Nucleophiles,11.28,C1=C(O[Si](c2ccccc2)(c2ccccc2)c2ccccc2)OCC1,ClCCl
499,C-Nucleophiles,5.76,C1=C(O[Si](c2ccccc2)(c2ccccc2)c2ccccc2)CCC1,ClCCl
500,C-Nucleophiles,4.37,C1=COCC1,ClCCl
501,C-Nucleophiles,0.58,C=C(C)O[Si](c1c(F)c(F)c(F)c(F)c1F)(c1c(F)c(F)c(F)c(F)c1F)c1c(F)c(F)c(F)c(F)c1F,ClCCl
502,C-Nucleophiles,1.38,Fc1c(F)c(F)c([Si](OC2=CCCC2)(c2c(F)c(F)c(F)c(F)c2F)c2c(F)c(F)c(F)c(F)c2F)c(F)c1F,ClCCl
503,C-Nucleophiles,10.61,C[Si](C)(C)OC1=CCCCO1,ClCCl
504,O-Nucleophiles,17.2,O=N[O-],CC#N
505,C-Nucleophiles,12.56,C[Si](C)(C)OC1=CCCO1,ClCCl
506,C-Nucleophiles,2.82,C=C1CCCC1,ClCCl
507,C-Nucleophiles,3.61,Cc1ccco1,ClCCl
508,N-Nucleophiles,20.5,[N-]=[N+]=[N-],CS(C)=O
509,C-Nucleophiles,5.85,Cn1cccc1,ClCCl
510,C-Nucleophiles,5.21,C[Si](C)(C)OC1=CCCCC1,ClCCl
511,N-Nucleophiles,11.7,Clc1ccncc1,ClCCl
512,N-Nucleophiles,12.9,c1ccncc1,ClCCl
513,N-Nucleophiles,13.7,Cc1ccncc1,ClCCl
514,N-Nucleophiles,13.7,COc1ccncc1,ClCCl
515,N-Nucleophiles,15.2,Nc1ccncc1,ClCCl
516,C-Nucleophiles,5.41,C=C(C)O[Si](C)(C)C,ClCCl
517,N-Nucleophiles,15.8,CN(C)c1ccncc1,ClCCl
518,N-Nucleophiles,12.39,c1cc(N2CCCC2)ccn1,O
519,C-Nucleophiles,6.22,COc1ccc2[nH]ccc2c1,ClCCl
520,C-Nucleophiles,7.22,Nc1ccc2[nH]ccc2c1,CC#N
521,C-Nucleophiles,6.22,C=C(O[Si](C)(C)C)c1ccccc1,ClCCl
522,C-Nucleophiles,6.44,Oc1ccc2[nH]ccc2c1,CC#N
523,C-Nucleophiles,6,Cc1ccc2[nH]ccc2c1,CC#N
524,C-Nucleophiles,4.42,Clc1ccc2[nH]ccc2c1,CC#N
525,C-Nucleophiles,4.38,Brc1ccc2[nH]ccc2c1,CC#N
526,C-Nucleophiles,2.83,N#Cc1ccc2[nH]ccc2c1,CC#N
527,C-Nucleophiles,3.97,O=C(O)c1ccc2[nH]ccc2c1,CC#N
528,C-Nucleophiles,7.26,COc1ccc2[nH]c(C)cc2c1,CC#N
529,C-Nucleophiles,7.22,Cc1ccc2[nH]c(C)cc2c1,CC#N
530,C-Nucleophiles,6.91,Cc1cc2ccccc2[nH]1,CC#N
531,C-Nucleophiles,6.08,Cc1cc2cc(Cl)ccc2[nH]1,CC#N
532,C-Nucleophiles,5.41,COc1cccc2[nH]ccc12,CC#N
533,C-Nucleophiles,3.87,c1cnc2[nH]ccc2c1,CC#N
534,N-Nucleophiles,5.47,[C]=NC(C)(C)C,ClCCl
535,C-Nucleophiles,4.9,[C-]#[N+]Cc1ccccc1,ClCCl
536,N-Nucleophiles,4.59,[C]=Nc1c(C)cccc1C,ClCCl
537,C-Nucleophiles,3.5,[C-]#[N+]CS(=O)(=O)c1ccc(C)cc1,ClCCl
538,N-Nucleophiles,3.57,[C]=Nc1ccc(C#N)cc1,ClCCl
539,N-Nucleophiles,9.48,N,O
540,C-Nucleophiles,8.23,C=C(Oc1ccccc1)O[Si](C)(C)C,ClCCl
541,N-Nucleophiles,13.85,CN,O
542,N-Nucleophiles,12.87,CCN,O
543,N-Nucleophiles,12,CC(C)N,O
544,N-Nucleophiles,10.48,CC(C)(C)N,O
545,N-Nucleophiles,17.12,CNC,O
546,N-Nucleophiles,14.68,CCNCC,O
547,N-Nucleophiles,17.21,C1CCNC1,O
548,N-Nucleophiles,18.13,C1CCNCC1,O
549,N-Nucleophiles,15.62,C1COCCN1,O
550,N-Nucleophiles,17.22,C1CNCCN1,O
551,C-Nucleophiles,11.4,C1=C(N2CCOCC2)CCCC1,ClCCl
552,N-Nucleophiles,18.29,C1CCCNCC1,O
553,N-Nucleophiles,10.8,N#CCN,O
554,N-Nucleophiles,12.61,NCCO,O
555,N-Nucleophiles,13.28,NCCN,O
556,N-Nucleophiles,12.29,C#CCN,O
557,N-Nucleophiles,13.44,NCc1ccccc1,O
558,N-Nucleophiles,12.92,Nc1ccc(Cl)cc1,CC#N
559,N-Nucleophiles,12.64,Nc1ccccc1,CC#N
560,C-Nucleophiles,13.36,C1=C(N2CCCCC2)CCCC1,ClCCl
561,N-Nucleophiles,13.19,Cc1ccc(N)cc1,CC#N
562,N-Nucleophiles,13.42,COc1ccc(N)cc1,CC#N
563,N-Nucleophiles,13.5,CNCC#N,O
564,N-Nucleophiles,12.08,COC(=O)CN,O
565,N-Nucleophiles,12.29,NCC(N)=O,O
566,N-Nucleophiles,14.02,NCCCN,O
567,C-Nucleophiles,-1.18,COc1ccccc1,ClCCl
568,C-Nucleophiles,-2.44,C/C=C\C,ClCCl
569,C-Nucleophiles,14.49,O=[N+]([O-])c1ccc([CH-]S(=O)(=O)C(F)(F)F)cc1,CS(C)=O
570,C-Nucleophiles,16.28,N#Cc1ccc([CH-]S(=O)(=O)C(F)(F)F)cc1,CS(C)=O
571,C-Nucleophiles,17.33,O=S(=O)([CH-]c1ccc(C(F)(F)F)cc1)C(F)(F)F,CS(C)=O
572,C-Nucleophiles,18.67,O=S(=O)([CH-]c1ccccc1)C(F)(F)F,CS(C)=O
573,C-Nucleophiles,19.35,Cc1ccc([CH-]S(=O)(=O)C(F)(F)F)cc1,CS(C)=O
574,N-Nucleophiles,18.8,C1CN2CCN1CC2,CC#N
575,N-Nucleophiles,20.54,C1CN2CCC1CC2,CC#N
576,C-Nucleophiles,-0.13,C=CC[Si](c1ccccc1)(c1ccccc1)c1ccccc1,ClCCl
577,N-Nucleophiles,13.51,NCC(=O)[O-],O
578,C-Nucleophiles,0.13,COc1cccc(C)c1,ClCCl
579,N-Nucleophiles,13.01,CC(N)C(=O)[O-],O
580,N-Nucleophiles,13.65,CC(C)C(N)C(=O)[O-],O
581,N-Nucleophiles,14.01,CC(C)CC(N)C(=O)[O-],O
582,N-Nucleophiles,14.12,NC(Cc1ccccc1)C(=O)[O-],O
583,N-Nucleophiles,18.08,O=C([O-])C1CCCN1,O
584,N-Nucleophiles,13.16,NC(CO)C(=O)[O-],O
585,N-Nucleophiles,12.69,CC(O)C(N)C(=O)[O-],O
586,N-Nucleophiles,13.03,NC(=O)CC(N)C(=O)[O-],O
587,N-Nucleophiles,13.45,NC(=O)CCC(N)C(=O)[O-],O
588,N-Nucleophiles,12.96,NC(=[NH2+])NCCCC(N)C(=O)[O-],O
589,C-Nucleophiles,-0.04,C#Cc1ccccc1,ClCCl
590,N-Nucleophiles,13.83,NC(Cc1c[nH]cn1)C(=O)[O-],O
591,N-Nucleophiles,13.81,NC(CC(=O)[O-])C(=O)[O-],O
592,N-Nucleophiles,13.96,NC(CCC(=O)[O-])C(=O)[O-],O
593,N-Nucleophiles,23.43,NC(C[S-])C(=O)[O-],O
594,N-Nucleophiles,13.16,CSCCC(N)C(=O)[O-],O
595,N-Nucleophiles,13.26,NCCC(=O)[O-],O
596,N-Nucleophiles,13.55,NCCCC(=O)[O-],O
597,N-Nucleophiles,12.91,NCC(=O)NCC(=O)[O-],O
598,N-Nucleophiles,12.26,NCC(=O)NCC(=O)NCC(=O)[O-],O
599,C-Nucleophiles,19.92,O=[N+]([O-])c1ccc([CH-]c2ccc([N+](=O)[O-])cc2)cc1,CS(C)=O
600,C-Nucleophiles,3.44,C=CO[Si](C(C)C)(C(C)C)C(C)C,ClCCl
601,C-Nucleophiles,8.01,Cc1ccc(C)[nH]1,CC#N
602,C-Nucleophiles,8.69,Cc1ccc(C)n1C,CC#N
603,C-Nucleophiles,10.67,Cc1c[nH]c(C)c1,CC#N
604,C-Nucleophiles,11.63,CCc1c(C)c[nH]c1C,CC#N
605,N-Nucleophiles,15.29,C1CCC2=NCCCN2CC1,CC#N
606,C-Nucleophiles,4.17,C=C(C)C[Si](c1ccccc1)(c1ccccc1)c1ccccc1,ClCCl
607,N-Nucleophiles,16.28,C1CN=C2CCCN2C1,CC#N
608,N-Nucleophiles,13.6,N#C[O-],CC#N
609,C-Nucleophiles,18.5,O=[N+]([O-])c1ccc([CH-]S(=O)(=O)c2ccccc2)cc1,CS(C)=O
610,C-Nucleophiles,22.6,N#Cc1ccc([CH-]S(=O)(=O)c2ccccc2)cc1,CS(C)=O
611,C-Nucleophiles,24.3,O=S(=O)([CH-]c1ccc(C(F)(F)F)cc1)c1ccccc1,CS(C)=O
612,C-Nucleophiles,5.38,C=C(C)O[Si](C(C)C)(C(C)C)C(C)C,ClCCl
613,H-Nucleophiles,0.06,[SiH3]c1ccccc1,ClCCl
614,C-Nucleophiles,27.28,N#C[CH-]c1ccc(C(F)(F)F)cc1,CS(C)=O
615,C-Nucleophiles,25.11,N#C[CH-]c1ccc(C#N)cc1,CS(C)=O
616,C-Nucleophiles,19.67,N#C[CH-]c1ccc([N+](=O)[O-])cc1,CS(C)=O
617,C-Nucleophiles,28.95,C[C-](C#N)c1ccccc1,CS(C)=O
618,C-Nucleophiles,25.35,C[C-](C#N)c1ccc(C#N)cc1,CS(C)=O
619,C-Nucleophiles,19.61,C[C-](C#N)c1ccc([N+](=O)[O-])cc1,CS(C)=O
620,H-Nucleophiles,14.94,[BH4-],CS(C)=O
621,H-Nucleophiles,14.45,CC(=O)O[BH-](OC(C)=O)OC(C)=O,CS(C)=O
622,H-Nucleophiles,11.52,[BH3-]C#N,CS(C)=O
623,H-Nucleophiles,9,CCOC(=O)C1=C(C)NC(C)=C(C(=O)OCC)C1,ClCCl
624,H-Nucleophiles,8.67,NC(=O)C1=CN(Cc2ccccc2)C=CC1,ClCCl
625,H-Nucleophiles,7.53,NC(=O)C1=CN(c2ccccc2)C=CC1,ClCCl
626,H-Nucleophiles,7.68,Cc1ccc(N2C=CCC(C(N)=O)=C2)cc1,ClCCl
627,H-Nucleophiles,8.11,COc1ccc(N2C=CCC(C(N)=O)=C2)cc1,ClCCl
628,C-Nucleophiles,6.66,c1ccc2cccc-2cc1,CC#N
629,C-Nucleophiles,3.93,CC(C)=C1C=CC=C1,CC#N
630,H-Nucleophiles,3.55,C[SiH](C)c1ccccc1,ClCCl
631,C-Nucleophiles,6.72,CN(C)c1ccc(C=C2C=CC=C2)cc1,CC#N
632,C-Nucleophiles,7.79,C1=CC(=Cc2cc3c4c(c2)CCCN4CCC3)C=C1,CC#N
633,C-Nucleophiles,12.79,CCOC(=O)C=P(c1ccccc1)(c1ccccc1)c1ccccc1,ClCCl
634,C-Nucleophiles,13.09,CCOC(=O)C(C)=P(c1ccccc1)(c1ccccc1)c1ccccc1,ClCCl
635,C-Nucleophiles,12.29,N#CC=P(c1ccccc1)(c1ccccc1)c1ccccc1,ClCCl
636,C-Nucleophiles,9.54,O=C(C=P(c1ccccc1)(c1ccccc1)c1ccccc1)c1ccccc1,ClCCl
637,C-Nucleophiles,19.23,CCOC(=O)[CH-]P(=O)(OCC)OCC,CS(C)=O
638,C-Nucleophiles,18.57,CCOP(=O)([CH-]C#N)OCC,CS(C)=O
639,C-Nucleophiles,19.2,CCOC(=O)[CH-]P(=O)(c1ccccc1)c1ccccc1,CS(C)=O
640,H-Nucleophiles,3.58,CC[SiH](CC)CC,ClCCl
641,C-Nucleophiles,18.69,N#C[CH-]P(=O)(c1ccccc1)c1ccccc1,CS(C)=O
642,H-Nucleophiles,3.99,c1ccc([GeH](c2ccccc2)c2ccccc2)cc1,ClCCl
643,N-Nucleophiles,14.39,CCC(N)CO,CS(C)=O
644,N-Nucleophiles,15.28,NCc1ccccc1,CS(C)=O
645,N-Nucleophiles,15.47,CC(O)CN,CS(C)=O
646,N-Nucleophiles,15.51,OCCNCCO,CS(C)=O
647,N-Nucleophiles,16.07,NCCO,CS(C)=O
648,H-Nucleophiles,9.72,CN1c2ccccc2N(C)C1c1ccccc1,CC#N
649,H-Nucleophiles,10.01,COc1ccc(CC2N(C)c3ccccc3N2C)cc1,CC#N
650,H-Nucleophiles,10.14,Cc1ccc(C2N(C)c3ccccc3N2C)cc1,CC#N
651,N-Nucleophiles,10.86,COc1ccc2ncccc2c1,CC#N
652,N-Nucleophiles,11.6,Cc1ccnc2ccccc12,CC#N
653,H-Nucleophiles,3.99,CCCC[SiH](CCCC)CCCC,ClCCl
654,N-Nucleophiles,15.66,c1ccc2c(CC3CC4CCN3CC4)cccc2c1,CC#N
655,N-Nucleophiles,10.46,C=C[C@H]1CN2CC[C@@H]1C[C@@H]2[C@H](O)c1ccnc2ccc(OC)cc12,ClCCl
656,N-Nucleophiles,10.54,C=C[C@H]1CN2CC[C@H]1C[C@H]2[C@@H](O)c1ccnc2ccc(OC)cc12,ClCCl
657,N-Nucleophiles,12.35,CC(C)(C)N,CC#N
658,N-Nucleophiles,13.77,CC(C)N,CC#N
659,N-Nucleophiles,14.37,C=CCN,CC#N
660,N-Nucleophiles,15.11,CCCN,CC#N
661,H-Nucleophiles,5.64,c1ccc([SnH](c2ccccc2)c2ccccc2)cc1,ClCCl
662,N-Nucleophiles,15.27,CCCCN,CC#N
663,N-Nucleophiles,14.51,CCCNCCC,CC#N
664,N-Nucleophiles,15.1,CCNCC,CC#N
665,N-Nucleophiles,15.65,C1COCCN1,CC#N
666,N-Nucleophiles,17.35,C1CCNCC1,CC#N
667,N-Nucleophiles,13.24,COC(C)NC(C)OC,CC#N
668,H-Nucleophiles,5.92,CCCC[GeH](CCCC)CCCC,ClCCl
669,N-Nucleophiles,11.58,c1c[nH]cn1,CS(C)=O
670,N-Nucleophiles,11.9,Cn1ccnc1,CC#N
671,N-Nucleophiles,11.31,c1ccc(-n2ccnc2)cc1,CC#N
672,N-Nucleophiles,11.74,Cc1ncc[nH]1,CC#N
673,N-Nucleophiles,11.79,Cc1c[nH]cn1,CC#N
674,N-Nucleophiles,11.51,Cc1c[nH]c(C)n1,CC#N
675,N-Nucleophiles,11.43,C[Si](C)(C)n1ccnc1,CC#N
676,N-Nucleophiles,10.5,c1ccc2[nH]cnc2c1,CS(C)=O
677,N-Nucleophiles,10.37,Cn1cnc2ccccc21,CC#N
678,N-Nucleophiles,10.02,Cc1nc2ccccc2[nH]1,CS(C)=O
679,N-Nucleophiles,10.69,Cc1ccc2nc[nH]c2c1,CS(C)=O
680,H-Nucleophiles,9.96,CCCC[SnH](CCCC)CCCC,ClCCl
681,N-Nucleophiles,10.21,Cc1ccc2nc(C)[nH]c2c1,CS(C)=O
682,N-Nucleophiles,11.08,Cc1cc2nc[nH]c2cc1C,CS(C)=O
683,N-Nucleophiles,11,COc1ccc2nc[nH]c2c1,CS(C)=O
684,N-Nucleophiles,7.69,c1ccc2[nH]nnc2c1,CC#N
685,N-Nucleophiles,7.77,Cn1nnc2ccccc21,CC#N
686,N-Nucleophiles,17.3,CCN(CC)CC,ClCCl
687,N-Nucleophiles,20.6,CN1CCCC1,ClCCl
688,H-Nucleophiles,0.52,C1=CC=CCC=C1,ClCCl
689,N-Nucleophiles,18.9,CN1CCCCC1,ClCCl
690,N-Nucleophiles,16.5,CN1CCOCC1,ClCCl
691,C-Nucleophiles,15.91,C1=C(N2CCCC2)CCC1,ClCCl
692,N-Nucleophiles,15.52,O=C1[N-]C(=O)c2ccccc21,CS(C)=O
693,C-Nucleophiles,15.06,C1=C(N2CCCCC2)CCC1,ClCCl
694,N-Nucleophiles,16.03,O=C1CCC(=O)[N-]1,CS(C)=O
695,N-Nucleophiles,14.87,O=C1C=CC(=O)[N-]1,CS(C)=O
696,N-Nucleophiles,15.81,[NH-]C(=O)C(F)(F)F,CS(C)=O
697,N-Nucleophiles,15.7,C[N-]C(=O)C(F)(F)F,CS(C)=O
698,N-Nucleophiles,17.52,CC1(C)CCC(=O)[N-]C1=O,CS(C)=O
699,N-Nucleophiles,16.05,CC(=O)[N-]C(C)=O,CS(C)=O
700,N-Nucleophiles,20.33,N#C[NH-],CS(C)=O
701,N-Nucleophiles,17.14,Cc1ccc(S([NH-])(=O)=O)cc1,CS(C)=O
702,N-Nucleophiles,18.61,CS([NH-])(=O)=O,CS(C)=O
703,N-Nucleophiles,17.52,O=C1C[N-]C(=O)N1,CS(C)=O
704,C-Nucleophiles,14.91,C1=C(N2CCCC2)CCCC1,ClCCl
705,N-Nucleophiles,22.4,O=C1[N-]CCO1,CS(C)=O
706,N-Nucleophiles,22.67,O=C1[N-]C(Cc2ccccc2)CO1,CS(C)=O
707,N-Nucleophiles,15.99,CCOC(=O)[N-]C(C)=O,CS(C)=O
708,C-Nucleophiles,15.85,CCOC(=O)C=S(C)C,CS(C)=O
709,C-Nucleophiles,16.23,CS(C)=CC#N,CS(C)=O
710,C-Nucleophiles,18,CCOC(=O)[CH-]S(C)(=O)=O,CS(C)=O
711,C-Nucleophiles,20.61,CCOC(=O)[CH-]S(C)=O,CS(C)=O
712,C-Nucleophiles,18.86,O=C([O-])[C@@H]1CCCN1C1=CCCCC1,CC#N
713,C-Nucleophiles,16.42,C1=C(N2CCCC2)CCCC1,CC#N
714,C-Nucleophiles,14.96,COC(=O)[C@@H]1CCCN1C1=CCCCC1,CC#N
715,C-Nucleophiles,13.41,C1=C(N2CCOCC2)CCC1,ClCCl
716,N-Nucleophiles,19.91,O=c1cccc[n-]1,CS(C)=O
717,N-Nucleophiles,18.97,O=c1cc[n-]cc1,CS(C)=O
718,N-Nucleophiles,10.78,O=C1[N-]S(=O)(=O)c2ccccc21,CC#N
719,O-Nucleophiles,11.3,CS(C)=O,CS(C)=O
720,C-Nucleophiles,13.78,CS(C)=CC(=O)c1ccc(Br)cc1,CS(C)=O
721,C-Nucleophiles,13.95,CS(C)=CC(=O)c1ccccc1,CS(C)=O
722,C-Nucleophiles,12.9,CN(C1=CCCC1)c1ccccc1,ClCCl
723,C-Nucleophiles,14.48,COc1ccc(C(=O)C=S(C)C)cc1,CS(C)=O
724,C-Nucleophiles,15.68,CN(C)c1ccc(C(=O)C=S(C)C)cc1,CS(C)=O
725,C-Nucleophiles,18.42,CS(C)=Cc1ccc([N+](=O)[O-])cc1,CS(C)=O
726,C-Nucleophiles,21.07,CS(C)=Cc1ccc(C#N)cc1,CS(C)=O
727,C-Nucleophiles,21.29,C=S(C)(C)=O,CS(C)=O
728,C-Nucleophiles,1.95,C=CC[Si]([Si](C)(C)C)([Si](C)(C)C)[Si](C)(C)C,ClCCl
729,C-Nucleophiles,4.63,C=C(C)C[Si]([Si](C)(C)C)([Si](C)(C)C)[Si](C)(C)C,ClCCl
730,C-Nucleophiles,6.04,C=C(C)O[Si]([Si](C)(C)C)([Si](C)(C)C)[Si](C)(C)C,ClCCl
731,C-Nucleophiles,5.07,C[Si](C)(C)[Si](OC1=CCCCC1)([Si](C)(C)C)[Si](C)(C)C,ClCCl
732,C-Nucleophiles,4.01,C=CO[Si]([Si](C)(C)C)([Si](C)(C)C)[Si](C)(C)C,ClCCl
733,C-Nucleophiles,10.73,CN(C1=CCCCC1)c1ccccc1,ClCCl
734,N-Nucleophiles,16.65,CN1CCN2CCN(C)c3cncc1c32,CC#N
735,N-Nucleophiles,16.81,CCN1CCN2CCN(CC)c3cncc1c32,CC#N
736,N-Nucleophiles,17.69,c1ccc(CN2CCN3CCN(Cc4ccccc4)c4cncc2c43)cc1,CC#N
737,N-Nucleophiles,15.39,CC(=O)N1CCN2CCN(C(C)=O)c3cncc1c32,CC#N
738,N-Nucleophiles,14.19,O=C(c1ccccc1)N1CCN2CCN(C(=O)c3ccccc3)c3cncc1c32,CC#N
739,C-Nucleophiles,10.04,CC(C)=CN1CCOCC1,ClCCl
740,C-Nucleophiles,5.02,C=Cn1c2ccccc2c2ccccc21,ClCCl
741,C-Nucleophiles,3.12,CC(C)[Si](C(C)C)(C(C)C)n1cccc1,ClCCl
742,C-Nucleophiles,5.55,c1ccc2[nH]ccc2c1,ClCCl
743,O-Nucleophiles,16.9,CC(=O)[O-],CC#N
744,O-Nucleophiles,16.82,O=C([O-])c1ccccc1,CC#N
745,O-Nucleophiles,15.3,O=C([O-])c1ccc([N+](=O)[O-])cc1,CC#N
746,O-Nucleophiles,14.9,O=C([O-])c1cc([N+](=O)[O-])cc([N+](=O)[O-])c1,CC#N
747,C-Nucleophiles,5.75,Cn1ccc2ccccc21,ClCCl
748,O-Nucleophiles,16.03,COC(=O)[O-],CC#N
749,N-Nucleophiles,13,C1CSC2=NCCN2C1,ClCCl
750,N-Nucleophiles,12.98,C1CN2CCSC2=N1,ClCCl
751,N-Nucleophiles,13.42,c1ccc2c(c1)SC1=NCCN12,ClCCl
752,N-Nucleophiles,14.1,C1CN=C2SCCCN2C1,ClCCl
753,N-Nucleophiles,14.45,C1CN=C2SCCN2C1,ClCCl
754,N-Nucleophiles,13.86,c1ccc2c(c1)SC1=NCCCN12,ClCCl
755,N-Nucleophiles,13.45,c1ccc([C@H]2CCN3C(=N2)Sc2ccccc23)cc1,ClCCl
756,N-Nucleophiles,14.96,CC(C)[C@@H]1CN2C(=N[C@H]1c1ccccc1)Sc1ccccc12,ClCCl
757,C-Nucleophiles,6.54,Cc1cc2ccccc2n1C,ClCCl
758,N-Nucleophiles,15.3,c1ccc(C(c2ccccc2)[C@@H]2CCN3C(=N2)Sc2ccccc23)cc1,ClCCl
759,N-Nucleophiles,16.5,CC(C)[C@H]1CCN2C(=N1)Sc1ccccc12,ClCCl
760,N-Nucleophiles,12.95,CC(C)(C)[C@H]1CCN2C(=N1)Sc1ccccc12,ClCCl
761,C-Nucleophiles,0.84,C=C(C)CCC,ClCCl
762,S-Nucleophiles,21.2,CC([O-])=S,CC#N
763,S-Nucleophiles,19.3,CCOC(=S)[S-],CC#N
764,S-Nucleophiles,18.27,CC(C)OC(=S)[S-],CC#N
765,C-Nucleophiles,12.51,CN1CCN(C2=CCCCC2)CC1,ClCCl
766,S-Nucleophiles,20.93,CN(C)C(=S)[S-],CC#N
767,S-Nucleophiles,22.4,S=C([S-])N1CCCC1,CC#N
768,S-Nucleophiles,23.84,S=C([S-])N1CCCCC1,CC#N
769,S-Nucleophiles,23.61,CN1CCN(C(=S)[S-])CC1,CC#N
770,S-Nucleophiles,21.72,S=C([S-])N1CCOCC1,CC#N
771,C-Nucleophiles,12.26,C/C=C\N1CCOCC1,ClCCl
772,C-Nucleophiles,12.06,C/C=C/N1CCOCC1,ClCCl
773,C-Nucleophiles,14.02,C1=C(N2CCCCC2)CCCC1,CC#N
774,C-Nucleophiles,12.34,C[Si](C)(C)OC1=CCCO1,CC#N
775,C-Nucleophiles,10.52,C[Si](C)(C)OC1=CCCCO1,CC#N
776,C-Nucleophiles,12.03,CN1CC=C(N2CCOCC2)CC1,ClCCl
777,C-Nucleophiles,9.11,COC(O[Si](C)(C)C)=C(C)C,CC#N
778,N-Nucleophiles,16.45,NN,CC#N
779,N-Nucleophiles,12.43,CNN(C)C,CC#N
780,N-Nucleophiles,22.41,CN(C)N,CC#N
781,C-Nucleophiles,2.9,Cc1ccc(B2OC(C)(C)C(C)(C)O2)o1,CC#N
782,C-Nucleophiles,6.38,Cc1ccc(B2OCCN(C)CCO2)o1,CC#N
783,C-Nucleophiles,1.84,Cc1ccc(B2OC(=O)CN(C)CC(=O)O2)o1,CC#N
784,C-Nucleophiles,7.66,Cc1ccc([B-](F)(F)F)o1,CC#N
785,C-Nucleophiles,10.76,C(=C/N1CCOCC1)\c1ccccc1,ClCCl
786,C-Nucleophiles,9.09,Cc1ccc([B-](c2ccc(C)o2)(c2ccc(C)o2)c2ccc(C)o2)o1,CC#N
787,C-Nucleophiles,12.55,Cc1ccc([B-]23OCC(C)(CO2)CO3)o1,CC#N
788,H-Nucleophiles,9.55,[BH3-][c+]1n(-c2c(C(C)C)cccc2C(C)C)ccn1-c1c(C(C)C)cccc1C(C)C,ClCCl
789,H-Nucleophiles,11.88,[BH3-][c+]1n(C)ccn1C,ClCCl
790,N-Nucleophiles,21.09,c1c[n-]cn1,CS(C)=O
791,N-Nucleophiles,21.03,Cc1ncc[n-]1,CS(C)=O
792,N-Nucleophiles,21.29,Cc1c[n-]cn1,CS(C)=O
793,N-Nucleophiles,20.69,Cc1c[n-]c(C)n1,CS(C)=O
794,N-Nucleophiles,14.81,O=[N+]([O-])c1c[n-]cn1,CS(C)=O
795,N-Nucleophiles,16.06,O=Cc1ncc[n-]1,CS(C)=O
796,C-Nucleophiles,9.96,C=C(c1ccccc1)N1CCOCC1,ClCCl
797,N-Nucleophiles,16.4,O=Cc1c[n-]cn1,CS(C)=O
798,N-Nucleophiles,19.13,c1ccc2[n-]cnc2c1,CS(C)=O
799,N-Nucleophiles,16.29,c1ccc2[n-]nnc2c1,CS(C)=O
800,N-Nucleophiles,15.03,c1ncc2[n-]cnc2n1,CS(C)=O
801,N-Nucleophiles,14.78,Cn1c(=O)c2[n-]cnc2n(C)c1=O,CS(C)=O
802,N-Nucleophiles,18,Nc1ncnc2nc[n-]c12,CS(C)=O
803,N-Nucleophiles,17.04,O=c1cc[n-]c(=O)[nH]1,CS(C)=O
804,N-Nucleophiles,17.63,Cc1c[n-]c(=O)[nH]c1=O,CS(C)=O
805,N-Nucleophiles,16.36,Cn1ccc(=O)[n-]c1=O,CS(C)=O
806,C-Nucleophiles,9.43,CCOC(=O)/C=C/N(C)C,ClCCl
807,N-Nucleophiles,11.63,Nc1nc2nc[n-]c2c(=O)[nH]1,O
808,N-Nucleophiles,10.77,Cn1cnc2c(=O)[n-]c(N)nc21,O
809,N-Nucleophiles,12.09,Nc1nc2c(ncn2[C@@H]2O[C@H](CO)[C@@H](O)[C@H]2O)c(=O)[n-]1,O
810,C-Nucleophiles,8.52,CCOC(=O)/C=C/N1CCOCC1,ClCCl
811,C-Nucleophiles,5.73,C=C(NC(C)=O)c1ccccc1,CC#N
812,C-Nucleophiles,6.57,C=C(NC(C)=O)c1ccc(C)cc1,CC#N
813,C-Nucleophiles,7.06,C=C(NC(C)=O)c1ccc(OC)cc1,CC#N
814,C-Nucleophiles,5.6,C=C(NC(C)=O)c1ccc(Cl)cc1,CC#N
815,C-Nucleophiles,6.21,C=C(NC(=O)Oc1ccccc1)c1ccc(Cl)cc1,CC#N
816,C-Nucleophiles,5.44,C=C(NC(=O)c1ccccc1)c1ccccc1,CC#N
817,C-Nucleophiles,6.28,C=C(NC(C)=O)c1ccc2ccccc2c1,CC#N
818,C-Nucleophiles,4.91,CC(=O)NC1=CCCc2ccccc21,CC#N
819,C-Nucleophiles,5.64,CC(=O)NC1=CCCCC1,CC#N
820,H-Nucleophiles,0.09,C1=CCC=CC1,ClCCl
821,C-Nucleophiles,7.06,CC(=O)NC1=CCCC1,CC#N
822,C-Nucleophiles,4.61,C=C(NC(C)=O)C(C)(C)C,CC#N
823,H-Nucleophiles,-0.07,C1=CCc2ccccc2C1,ClCCl
824,H-Nucleophiles,-0.86,c1ccc2c(c1)Cc1ccccc1C2,ClCCl
825,N-Nucleophiles,13.58,CN(C)C(=N)N(C)C,ClCCl
826,N-Nucleophiles,14.36,CN(C)C(=NCc1ccccc1)N(C)C,ClCCl
827,N-Nucleophiles,12.46,CN1CCN(C)C1=N,ClCCl
828,N-Nucleophiles,14,CN1CCN(C)C1=NCc1ccccc1,ClCCl
829,N-Nucleophiles,14.44,C1CN2CCNC2=N1,ClCCl
830,N-Nucleophiles,16.15,C1CN=C2NCCN2C1,ClCCl
831,N-Nucleophiles,14.43,CN1CCCN2CCCN=C12,ClCCl
832,H-Nucleophiles,-0.74,C/C=C/C/C=C/C,ClCCl
833,N-Nucleophiles,16.16,C1CN=C2NCCCN2C1,ClCCl
834,N-Nucleophiles,15.5,C1CN=C2CCCN2C1,ClCCl
835,C-Nucleophiles,13.87,C(=C/N1CCCC1)\c1ccccc1,CC#N
836,C-Nucleophiles,10.56,C[Si](C)(C)OC(c1ccccc1)(c1ccccc1)[C@@H]1CCCN1C=Cc1ccccc1,CC#N
837,C-Nucleophiles,7.2,CN1C(=O)[C@H](Cc2ccccc2)N(C=Cc2ccccc2)C1(C)C,CC#N
838,C-Nucleophiles,7.92,CN1C(=O)[C@H](Cc2ccccc2)N(C=Cc2ccccc2)C12CCCC2,CC#N
839,C-Nucleophiles,5.8,CN1C(=O)[C@H](Cc2ccccc2)N(C=Cc2ccccc2)[C@@H]1C(C)(C)C,CC#N
840,C-Nucleophiles,-0.88,CCCC1C=CCC1,ClCCl
841,C-Nucleophiles,17.41,Cc1cc(C)c(N2C=CN(c3c(C)cc(C)cc3C)C2=Cc2ccccc2)c(C)c1,CS(C)=O
842,H-Nucleophiles,0.64,c1ccc2c(c1)Cc1ccccc1O2,ClCCl
843,C-Nucleophiles,1.47,C=C(O[Si](C)(C)C)c1c(F)c(F)c(F)c(F)c1F,ClCCl
844,C-Nucleophiles,-2.94,C=C(O[Si](C)(C)C)C(F)(F)F,ClCCl
845,C-Nucleophiles,-3.52,C=C(O[Si](C)(C)C)C(F)(F)C(F)(F)C(F)(F)C(F)(F)C(F)(F)F,ClCCl
846,C-Nucleophiles,4.46,C=C(C)O[Si](c1ccccc1)(c1ccccc1)c1ccccc1,ClCCl
847,C-Nucleophiles,5.41,C=C(O[Si](C)(C)C)C(C)C,ClCCl
848,C-Nucleophiles,5.58,C=C(C)O[Si](C)(C)C(C)(C)C,ClCCl
849,H-Nucleophiles,-0.73,CC=CC(C)C=CC,ClCCl
850,C-Nucleophiles,3.76,C=COCCCC,ClCCl
851,N-Nucleophiles,2.23,CC#N,CC#N
852,H-Nucleophiles,-3.08,C=CC(C)C=C,ClCCl
853,N-Nucleophiles,14.8,c1cc(N2CCOCC2)ccn1,CC#N
854,N-Nucleophiles,12.96,CN(C)c1ccncc1Br,CC#N
855,N-Nucleophiles,11.11,Nc1c(Br)cncc1Br,CC#N
856,N-Nucleophiles,13.24,CC(=O)Nc1ccncc1,CC#N
857,N-Nucleophiles,17.73,CNN,CC#N
858,N-Nucleophiles,16.15,CNNC,CC#N
859,N-Nucleophiles,10.35,NNC=O,CC#N
860,N-Nucleophiles,15.69,CN(C)NC=O,CC#N
861,H-Nucleophiles,-2.99,C=CCC=C,ClCCl
862,N-Nucleophiles,11.4,CC(C)(C)OC(=O)NN,CC#N
863,N-Nucleophiles,12.49,NNC(=O)c1ccccc1,CC#N
864,N-Nucleophiles,12.8,NO,CC#N
865,N-Nucleophiles,14.1,CNO,CC#N
866,N-Nucleophiles,11.39,N,CC#N
867,N-Nucleophiles,15.19,CN,CC#N
868,N-Nucleophiles,17.96,CNC,CC#N
869,N-Nucleophiles,23.05,CN(C)C,CC#N
870,H-Nucleophiles,3.15,C[SiH](C)C,ClCCl
871,H-Nucleophiles,3.3,CC[SiH](C)C,ClCCl
872,H-Nucleophiles,-2.8,Cc1ccc(C(C)C)cc1,ClCCl
873,H-Nucleophiles,3.4,CC[SiH](C)CC,ClCCl
874,H-Nucleophiles,3.83,Cc1ccc([SiH](C)C)cc1,ClCCl
875,H-Nucleophiles,4.23,COc1ccc([SiH](C)C)cc1,ClCCl
876,H-Nucleophiles,3.05,C[SiH](C)c1ccc(Cl)cc1,ClCCl
877,H-Nucleophiles,2.72,C[SiH](c1ccccc1)c1ccccc1,ClCCl
878,H-Nucleophiles,2.13,C[SiH2]c1ccccc1,ClCCl
879,H-Nucleophiles,1.52,c1ccc([SiH2]c2ccccc2)cc1,ClCCl
880,H-Nucleophiles,3.67,CCC[SiH](CCC)CCC,ClCCl
881,H-Nucleophiles,2.93,CC(C)[SiH](C(C)C)C(C)C,ClCCl
882,H-Nucleophiles,3.89,CCCCCC[SiH](CCCCCC)CCCCCC,ClCCl
883,H-Nucleophiles,-4.12,C=CCc1ccccc1,ClCCl
884,H-Nucleophiles,2.27,CCCCCC[SiH2]CCCCCC,ClCCl
885,H-Nucleophiles,0.19,CCCCCC[SiH3],ClCCl
886,H-Nucleophiles,0.8,C[SiH](C)CCl,ClCCl
887,H-Nucleophiles,2.78,C[SiH](C)Cc1ccccc1,ClCCl
888,H-Nucleophiles,0.79,C[SiH](C)Cl,ClCCl
889,H-Nucleophiles,-3.2,C[SiH](Cl)Cl,ClCCl
890,H-Nucleophiles,3.12,C[SiH](C)O[Si](C)(C)C,ClCCl
891,H-Nucleophiles,3.61,C[Si](C)(C)[SiH]([Si](C)(C)C)[Si](C)(C)C,ClCCl
892,H-Nucleophiles,3.55,C[SiH](C)CC(C)(C)C,ClCCl
893,H-Nucleophiles,4.86,C[SiH](C)C[Si](C)(C)C,ClCCl
894,C-Nucleophiles,10.45,CO/C(=C1\Sc2ccccc2N1C)c1ccccc1,C1CCOC1
895,C-Nucleophiles,15.33,C/C(=C(/[O-])c1n(-c2c(C)cc(C)cc2C)cc[n+]1-c1c(C)cc(C)cc1C)c1ccccc1,C1CCOC1
896,C-Nucleophiles,15.58,CN1/C(=C\c2ccccc2)Sc2ccccc21,C1CCOC1
897,C-Nucleophiles,15.65,CO/C(=C1/N(c2ccccc2)N=C(c2ccccc2)N1c1ccccc1)c1ccccc1,C1CCOC1
898,C-Nucleophiles,16.54,Cn1[c-][n+](C(C)(C)C)cc1,C1CCOC1
899,C-Nucleophiles,16.61,COC(=C1N(C)c2ccccc2N1C)c1ccccc1,C1CCOC1
900,C-Nucleophiles,20.41,COc1ccc(-[n+]2[c-]n(C)cc2)cc1,C1CCOC1
901,C-Nucleophiles,21.5,Cc1cc(C)c(-[n+]2[c-]n(C)cc2)c(C)c1,C1CCOC1
902,C-Nucleophiles,23,COc1cccc(OC)c1-[n+]1[c-]n(C)cc1,C1CCOC1
903,C-Nucleophiles,23.35,Cc1cc(C)c(N2[C-]=[N+](c3c(C)cc(C)cc3C)CC2)c(C)c1,C1CCOC1
904,N-Nucleophiles,14.9,CN(C)c1ccncc1,CN(C)C=O
905,N-Nucleophiles,15.9,CN(C)c1ccncc1,C1CCOC1
906,N-Nucleophiles,16.12,C1CCC2=NCCCN2CC1,C1CCOC1
907,O-Nucleophiles,7.44,CCO,CCO
908,O-Nucleophiles,7.54,CO,CO
909,O-Nucleophiles,12.5,CC(=O)[O-],CC(C)=O
910,O-Nucleophiles,15.05,O=[N+]([O-])c1ccc([O-])cc1,CN(C)C=O
911,O-Nucleophiles,15.78,C[O-],CO
912,O-Nucleophiles,15.78,CC[O-],CCO
913,O-Nucleophiles,16.03,CCC[O-],CCCO
914,O-Nucleophiles,16.65,O=[N+]([O-])c1ccccc1[O-],CN(C)C=O
915,O-Nucleophiles,16.73,C/C(=C(/[O-])c1n(-c2ccccc2)c(-c2ccccc2)n[n+]1-c1ccccc1)c1ccccc1,C1CCOC1
916,O-Nucleophiles,17.85,N#Cc1ccc([O-])cc1,CN(C)C=O
917,O-Nucleophiles,18.74,O=C([O-])c1ccc([N+](=O)[O-])cc1,CC(C)=O
918,O-Nucleophiles,18.8,O=C([O-])c1cc([N+](=O)[O-])cc([N+](=O)[O-])c1,CC(C)=O
919,O-Nucleophiles,19.65,Cc1ccc([O-])cc1,CN(C)C=O
920,O-Nucleophiles,20.37,[O-]c1ccccc1C(F)(F)F,CN(C)C=O
921,O-Nucleophiles,22.41,O=[N+]([O-])c1cccc([O-])c1,CN(C)C=O
922,O-Nucleophiles,23.4,[O-]c1cccc(C(F)(F)F)c1,CN(C)C=O
923,S-Nucleophiles,24.97,COc1ccc([S-])cc1,CS(C)=O
924,S-Nucleophiles,22.55,[S-]c1ccc2ccccc2c1,CS(C)=O
925,S-Nucleophiles,24.35,Cc1ccc([S-])cc1,CS(C)=O
926,S-Nucleophiles,23.36,[S-]c1ccccc1,CS(C)=O
927,S-Nucleophiles,22.8,[S-]c1ccc(Br)cc1,CS(C)=O
928,S-Nucleophiles,22.5,[S-]c1cccc(Cl)c1,CS(C)=O
929,S-Nucleophiles,21.75,FC(F)(F)c1cccc([S-])c1,CS(C)=O
930,S-Nucleophiles,21.3,FC(F)(F)c1ccc([S-])cc1,CS(C)=O
931,S-Nucleophiles,19.71,FC(F)(F)c1cc([S-])cc(C(F)(F)F)c1,CS(C)=O
932,S-Nucleophiles,18.92,O=[N+]([O-])c1ccc([S-])cc1,CS(C)=O
933,S-Nucleophiles,11.94,C1CCSCC1,ClCCl
934,S-Nucleophiles,11.86,CCCCSCCCC,ClCCl
935,S-Nucleophiles,12.32,CSC,ClCCl
936,P-Nucleophiles,13.59,c1ccc(P(c2ccccc2)c2ccccc2)cc1,C1CCOC1
937,P-Nucleophiles,14.88,Cc1ccc(P(c2ccc(C)cc2C)c2ccc(C)cc2C)c(C)c1,ClCCl
938,P-Nucleophiles,18.11,COc1cccc(OC)c1P(c1c(OC)cccc1OC)c1c(OC)cccc1OC,CC#N
939,O-Nucleophiles,7.13,CCO,CC#N
940,O-Nucleophiles,5.79,O,CC#N
941,O-Nucleophiles,5.35,CC(C)(C)O,CC#N
942,O-Nucleophiles,6.82,CC(C)O,CC#N
943,O-Nucleophiles,15.14,O=[N+]([O-])c1ccc([O-])cc1,CC#N
944,O-Nucleophiles,15.48,O=[N+]([O-])c1ccccc1[O-],CS(C)=O
945,O-Nucleophiles,15.83,O=[N+]([O-])c1ccccc1[O-],CC#N
946,O-Nucleophiles,25.51,O=[N+]([O-])c1cccc([O-])c1,CC#N
947,O-Nucleophiles,19.58,N#Cc1ccc([O-])cc1,CC#N
948,O-Nucleophiles,18.39,[O-]c1ccccc1C(F)(F)F,CC#N
949,O-Nucleophiles,21.69,[O-]c1ccc(C(F)(F)F)cc1,CC#N
950,O-Nucleophiles,22.05,[O-]c1ccc(C(F)(F)F)cc1,CN(C)C=O
951,O-Nucleophiles,23.2,[O-]c1cccc(C(F)(F)F)c1,CC#N
952,O-Nucleophiles,18.32,[O-]c1ccc(Cl)cc1,CC#N
953,O-Nucleophiles,19.67,[O-]c1ccc(Cl)cc1,CN(C)C=O
954,O-Nucleophiles,18.53,[O-]c1ccccc1,CC#N
955,O-Nucleophiles,18.86,[O-]c1ccccc1,CN(C)C=O
956,O-Nucleophiles,21.7,CC(C)(C)c1ccc([O-])cc1,CC#N
957,O-Nucleophiles,19.9,CC(C)(C)c1ccc([O-])cc1,CN(C)C=O
958,O-Nucleophiles,20.62,COc1ccc([O-])cc1,CC#N
959,O-Nucleophiles,19.9,COc1ccc([O-])cc1,CN(C)C=O
960,O-Nucleophiles,14.3,Cc1ccc([O-])cc1,O
961,O-Nucleophiles,16.45,O=C([O-])c1ccccc1,CC#N
962,O-Nucleophiles,6.86,CO,CC#N
963,P-Nucleophiles,14.33,c1ccc(P(c2ccccc2)c2ccccc2)cc1,ClCCl
964,P-Nucleophiles,18.39,CN(C)c1ccc(P(c2ccc(N(C)C)cc2)c2ccc(N(C)C)cc2)cc1,ClCCl
965,N-Nucleophiles,13.33,CCCN,O
966,N-Nucleophiles,13.21,C=CCN,O
967,N-Nucleophiles,10.13,NCC(F)(F)F,CC#N
968,N-Nucleophiles,14.11,NCCO,CC#N
969,N-Nucleophiles,14.29,NCc1ccccc1,CC#N
970,N-Nucleophiles,17.1,CCN(CC)CC,CC#N
971,N-Nucleophiles,20.59,CN1CCCC1,CC#N
972,N-Nucleophiles,18.72,CN1CCCCC1,CC#N
973,N-Nucleophiles,16.8,CN1CCOCC1,CC#N
974,N-Nucleophiles,15.7,CN1CCCC1c1ccccc1,CC#N
975,N-Nucleophiles,12.99,Nc1ccccc1,O
976,N-Nucleophiles,13,Cc1ccc(N)cc1,O
977,N-Nucleophiles,14.28,COc1ccc(N)cc1,O
978,N-Nucleophiles,20.11,O=c1cccc[n-]1,CC#N
979,N-Nucleophiles,12.47,O=c1cccc[n-]1,O
980,N-Nucleophiles,20.22,O=c1cc[n-]cc1,CC#N
981,N-Nucleophiles,14.76,O=c1cc[n-]cc1,O
982,N-Nucleophiles,11.47,c1c[nH]cn1,CC#N
983,N-Nucleophiles,9.45,Cc1ncc[nH]1,O
984,N-Nucleophiles,11.37,O=[N+]([O-])c1c[n-]cn1,O
985,N-Nucleophiles,11.07,O=Cc1ncc[n-]1,O
986,N-Nucleophiles,11.52,c1ccc2[n-]nnc2c1,O
987,N-Nucleophiles,9.63,c1c[nH]cn1,O
988,N-Nucleophiles,11.72,CN(C)N,CC#N
989,N-Nucleophiles,17.75,CNN(C)C,CC#N
990,N-Nucleophiles,13.46,NN,O
991,N-Nucleophiles,17.9,C=NN1CCCC1,ClCCl
992,N-Nucleophiles,11.41,NO,O
993,N-Nucleophiles,14.43,CC1=NCCCN1,CC#N
994,N-Nucleophiles,14.58,CC1=NCCCN1,CS(C)=O
995,N-Nucleophiles,11,c1ncc2nc[n-]c2n1,O
996,N-Nucleophiles,10.06,Cn1c(=O)c2nc[n-]c2n(C)c1=O,O
997,N-Nucleophiles,10.93,Nc1ncnc2[n-]cnc12,O
998,N-Nucleophiles,10.75,O=c1cc[n-]c(=O)[nH]1,O
999,N-Nucleophiles,8.54,Cn1ccc(=O)[n-]c1=O,O
1000,N-Nucleophiles,11.17,Cc1c[n-]c(=O)[nH]c1=O,O
1001,N-Nucleophiles,10.5,Clc1ccncc1,O
1002,N-Nucleophiles,11.05,c1ccncc1,O
1003,N-Nucleophiles,11.1,Cc1ccncc1,O
1004,N-Nucleophiles,11.44,COc1ccncc1,O
1005,N-Nucleophiles,12.19,Nc1ccncc1,O
1006,N-Nucleophiles,15.51,CN(C)c1ccncc1,CC#N
1007,N-Nucleophiles,13.19,CN(C)c1ccncc1,O
1008,N-Nucleophiles,14.8,CN(C)c1ccncc1,CS(C)=O
1009,N-Nucleophiles,15.9,c1cc(N2CCCC2)ccn1,ClCCl
1010,N-Nucleophiles,11.5,Cc1cccnc1,CC#N
1011,N-Nucleophiles,15.6,c1ncc2c3c1CCCN3CCC2,CC#N
1012,N-Nucleophiles,14.99,c1cc(N2CCCC2)ccn1,CC#N
1013,N-Nucleophiles,12.13,N#C[S-],CC#N
1014,X-Nucleophiles,17.2,[Cl-],CC#N
1015,X-Nucleophiles,7.7,[F-],O
1016,H-Nucleophiles,-1.9,CC[Sn](CC)(CC)CC,ClCCCl
1017,H-Nucleophiles,-0.5,CCC[Sn](CCC)(CCC)CCC,ClCCCl
1018,H-Nucleophiles,-1.1,CCCC[Sn](CCCC)(CCCC)CCCC,ClCCCl
1019,H-Nucleophiles,-1.8,C[Sn](C)(C)CCc1ccc(Cl)cc1,ClCCCl
1020,H-Nucleophiles,-1.1,C[Sn](C)(C)CCc1ccccc1,ClCCCl
1021,H-Nucleophiles,-0.8,C[Sn](C)(C)CCc1ccc(-c2ccccc2)cc1,ClCCCl
1022,H-Nucleophiles,-0.5,Cc1ccc(CC[Sn](C)(C)C)cc1,ClCCCl
1023,H-Nucleophiles,-0.3,CC(C)(C)c1ccc(CC[Sn](C)(C)C)cc1,ClCCCl
1024,H-Nucleophiles,-0.2,COc1ccc(CC[Sn](C)(C)C)cc1,ClCCCl
1025,H-Nucleophiles,-8.8,Cc1ccc(C(c2ccc(C)cc2)c2ccc(C)cc2)cc1,CC#N
1026,H-Nucleophiles,-3.3,CN(C)c1ccc(C(c2ccc(N(C)C)cc2)c2ccc(N(C)C)cc2)cc1,CC#N
1027,H-Nucleophiles,2.65,c1ccc([SiH](c2ccccc2)c2ccccc2)cc1,ClCCl
1028,H-Nucleophiles,14.74,[BH4-],CS(C)=O
1029,H-Nucleophiles,15.14,[BH4-],CS(C)=O
1030,C-Nucleophiles,15.92,C/C(=C(/[O-])C1=[N+](c2c(C)cc(C)cc2C)CCN1c1c(C)cc(C)cc1C)c1ccccc1,C1CCOC1
1031,C-Nucleophiles,14.4,C/C(=C(/[O-])c1n(-c2ccccc2)c(-c2ccccc2)n[n+]1-c1ccccc1)c1ccccc1,C1CCOC1
1032,C-Nucleophiles,12.75,O=[N+]([O-])c1ccc(/C=C2/N(c3ccccc3)N=C(c3ccccc3)N2c2ccccc2)cc1,C1CCOC1
1033,C-Nucleophiles,11.42,Cc1cc(C)c(N2CCN(c3c(C)cc(C)cc3C)C2=Cc2ccc([N+](=O)[O-])cc2)c(C)c1,C1CCOC1
1034,C-Nucleophiles,13.91,Cc1cc(C)c(N2CCN(c3c(C)cc(C)cc3C)C2=Cc2ccccc2)c(C)c1,C1CCOC1
1035,C-Nucleophiles,14.45,Cc1cc(C)c(N2CCN(c3c(C)cc(C)cc3C)C2=Cc2ccc([N+](=O)[O-])cc2)c(C)c1,C1CCOC1
1036,C-Nucleophiles,17.12,Cc1cc(C)c(N2C=CN(c3c(C)cc(C)cc3C)C2=Cc2ccccc2)c(C)c1,C1CCOC1
1037,C-Nucleophiles,16.61,COC(=C1N(c2c(C)cc(C)cc2C)c2ccccc2N1c1c(C)cc(C)cc1C)c1ccccc1,C1CCOC1
1038,C-Nucleophiles,10.45,CO/C(=C1\Sc2ccccc2N1c1c(C)cc(C)cc1C)c1ccccc1,C1CCOC1
1039,C-Nucleophiles,14.77,CO/C(=C1\SC(C)=C(C)N1c1c(C)cc(C)cc1C)c1ccccc1,C1CCOC1
1040,C-Nucleophiles,14.07,[c-]1n(-c2ccccc2)nc(-c2ccccc2)[n+]1-c1ccccc1,C1CCOC1
1041,C-Nucleophiles,21.72,Cc1cc(C)c(-n2[c-][n+](-c3c(C)cc(C)cc3C)cc2)c(C)c1,C1CCOC1
1042,C-Nucleophiles,6.57,C[Si](C)(C)OC1=CCCC1,ClCCl
1043,C-Nucleophiles,10.3,C=C(c1ccccc1)N1CCOCC1,CC#N
1044,C-Nucleophiles,18.11,C=C1N(C)CCN1C,C1CCOC1
1045,C-Nucleophiles,18.68,C=C1N(C)CCCN1C,C1CCOC1
1046,C-Nucleophiles,17.8,C=C1N(c2c(C)cc(C)cc2C)C=CN1c1c(C)cc(C)cc1C,C1CCOC1
1047,C-Nucleophiles,19.84,C=C1N(C)c2ccccc2N1C,C1CCOC1
1048,C-Nucleophiles,6.98,C=NN(C)C,ClCCl
1049,C-Nucleophiles,4.84,[N-]=[N+]=C1C=CC=C1,ClCCl
1050,C-Nucleophiles,12.21,CCOC(=O)C=P(c1ccccc1)(c1ccccc1)c1ccccc1,CS(C)=O
1051,C-Nucleophiles,11.95,CS(C)=CC(=O)c1ccc(Br)cc1,ClCCl
1052,C-Nucleophiles,23.66,[Li+].c1ccc2[cH-]ccc2c1,CS(C)=O
1053,C-Nucleophiles,23.74,[Na+].c1ccc2[cH-]ccc2c1,CS(C)=O
1054,C-Nucleophiles,24.16,[K+].c1ccc2[cH-]ccc2c1,CS(C)=O
1055,C-Nucleophiles,15.02,CC1(C)OC(=O)[C-](Cc2ccccc2)C(=O)O1,CS(C)=O
1056,C-Nucleophiles,15.13,COc1ccc(C[C-]2C(=O)OC(C)(C)OC2=O)cc1,CS(C)=O
1057,C-Nucleophiles,14.48,CN(C)c1ccc(C[C-]2C(=O)OC(C)(C)OC2=O)cc1,CS(C)=O
1058,C-Nucleophiles,13.23,N#Cc1ccc([CH-][N+](=O)[O-])cc1,O
1059,C-Nucleophiles,14.25,O=[N+]([O-])[CH-]c1cccc([N+](=O)[O-])c1,O
1060,C-Nucleophiles,13.58,O=[N+]([O-])[CH-]c1ccc([N+](=O)[O-])cc1,O
1061,C-Nucleophiles,13.09,Cc1ccc([CH-][N+](=O)[O-])cc1,O
1062,C-Nucleophiles,12.05,O=[N+]([O-])[CH-]c1ccccc1,O
1063,C-Nucleophiles,10.69,C[C-](C)[N+](=O)[O-],O
1064,C-Nucleophiles,12.06,[CH2-][N+](=O)[O-],O
1065,C-Nucleophiles,14.33,CC(=O)[C-](C)C(C)=O,O
1066,C-Nucleophiles,17.68,CCOC(=O)[C-](C)C(=O)OCC,O
1067,C-Nucleophiles,19.5,N#C[CH-]C#N,O
1068,C-Nucleophiles,15.99,CCOC(=O)[CH-]C(C)=O,O
1069,C-Nucleophiles,13.73,CC(=O)[CH-]C(C)=O,O
1070,C-Nucleophiles,11.77,CC1(C)CC(=O)[CH-]C(=O)C1,O
1071,C-Nucleophiles,12.06,CC1(C)OC(=O)[CH-]C(=O)O1,O
